floor,epochs,variant,seed,initial_loss,final_loss,train_seconds
0.05,200,baseline,0,-0.5409851083044098,-1.2764323229688683,152.579931974411
0.05,200,baseline,1,-0.5677882176408928,-1.2291784210952992,140.08130073547363
0.05,200,baseline,2,-0.5703035306030787,-1.1868092802599517,150.709858417511
0.05,200,baseline,3,-0.5508347421647207,-1.0114928957091978,137.29460525512695
0.05,200,baseline,4,-0.5607121298627743,-1.240031545665942,146.58542847633362
0.05,200,baseline,5,-0.5529343926276828,-1.1976835547808564,149.0029685497284
0.05,200,baseline,6,-0.5613534127850687,-1.2322439298720538,146.56588053703308
0.05,200,baseline,7,-0.5613878234283292,-1.2555115234822052,173.7721016407013
0.05,200,baseline,8,-0.5780433032938872,-1.1435883306766832,190.69756722450256
0.05,200,baseline,9,-0.553136621928757,-0.9528970790887887,123.38926362991333
0.05,200,regime,0,-0.5980783862941076,-0.9611439735359348,150.7246859073639
0.05,200,regime,1,-0.5325413265965594,-1.381836154250237,135.66522431373596
0.05,200,regime,2,-0.5667176044595248,-1.3947746092497189,140.93830823898315
0.05,200,regime,3,-0.5408534930673856,-1.0785095424617726,133.50430369377136
0.05,200,regime,4,-0.588954879320732,-1.4058587483103957,166.45806002616882
0.05,200,regime,5,-0.5427269083077437,-1.2126224646555166,159.457750082016
0.05,200,regime,6,-0.5299067968907394,-1.2396104678314943,164.36497688293457
0.05,200,regime,7,-0.5678539155928066,-1.4064966388330555,186.6633017063141
0.05,200,regime,8,-0.5540102873644035,-1.143844231185361,134.60301733016968
0.05,200,regime,9,-0.5727386341984445,-1.1948237976471923,122.83433651924133
