variant,c,u,seed,n_epochs,initial_loss,final_loss,runtime_seconds,min_budget,max_budget,floor_hit_fraction
baseline,0.05,0.005,0,100,-0.5412269381852561,-1.0863578698432605,93.44872188568115,0.004999999999999999,0.6149293183730798,0.29375
baseline,0.05,0.005,1,100,-0.5675664290510322,-1.1803202702483242,92.70983219146729,0.0049999999999999975,0.6107996427745831,0.2975
baseline,0.05,0.005,2,100,-0.5704067022370248,-0.7920901063195563,93.39687252044678,0.004999999999999999,0.5665130312246005,0.26125
baseline,0.05,0.005,3,100,-0.5495699175589069,-0.9783774012412989,94.3025815486908,0.0049999999999999975,0.4084146891035101,0.275
baseline,0.05,0.005,4,100,-0.5616894468311223,-1.1089889967347846,91.73381423950195,0.004999999999999999,0.5781762598680078,0.22375
baseline,0.1,0.01,0,100,-0.5412269381852561,-0.9919904477934548,87.37492203712463,0.009999999999999998,0.5222221287241162,0.21625
baseline,0.1,0.01,1,100,-0.5675664290510322,-1.0535165670633828,88.30316615104675,0.009999999999999998,0.6742136446779893,0.33375
baseline,0.1,0.01,2,100,-0.5704067022370248,-1.1474161764573034,88.92849898338318,0.009999999999999995,0.6301423343214875,0.30125
baseline,0.1,0.01,3,100,-0.5495699175589069,-1.0935891516689302,89.19404888153076,0.009999999999999998,0.4980022090401546,0.30875
baseline,0.1,0.01,4,100,-0.5616894468311223,-1.090710877961944,88.75994682312012,0.009999999999999998,0.5248038325196743,0.3
baseline,0.25,0.025,0,100,-0.5412269381852561,-1.0903994499418415,89.10675024986267,0.024999999999999994,0.6864616607999225,0.43875
baseline,0.25,0.025,1,100,-0.5675664290510322,-1.0482376408917813,88.16703629493713,0.02499999999999999,0.45983453297080507,0.365
baseline,0.25,0.025,2,100,-0.5704067022370248,-1.1007222152250806,87.56472992897034,0.024999999999999994,0.5510357830832918,0.2925
baseline,0.25,0.025,3,100,-0.5495699175589069,-1.0848755305997657,87.04954886436462,0.024999999999999994,0.4602713177541611,0.375
baseline,0.25,0.025,4,100,-0.5616894468311223,-1.0856932711418483,87.80505061149597,0.02499999999999999,0.4396747671543867,0.39875
baseline,0.5,0.05,0,100,-0.5412269381852561,-0.9700677612940881,88.06849884986877,0.04999999999999999,0.5429871169294437,0.5675
baseline,0.5,0.05,1,100,-0.5675664290510322,-0.9714590890850371,88.21393966674805,0.04999999999999999,0.48938434309195183,0.67625
baseline,0.5,0.05,2,100,-0.5704067022370248,-1.0071771869558654,88.40093517303467,0.04999999999999999,0.48164864071701374,0.4225
baseline,0.5,0.05,3,100,-0.5495699175589069,-0.9372701595535671,86.56602096557617,0.04999999999999999,0.3626497521312482,0.5275
baseline,0.5,0.05,4,100,-0.5616894468311223,-1.035214233031657,86.33981490135193,0.04999999999999999,0.44921086186086656,0.605
regime,0.05,0.005,0,100,-0.5987864135383343,-1.2358386868193298,96.0490448474884,0.004999999999999999,0.7455474903769241,0.2225
regime,0.05,0.005,1,100,-0.532548301290197,-1.3375093579886175,91.91836357116699,0.004999999999999999,0.7642224837921449,0.2975
regime,0.05,0.005,2,100,-0.5664951154899428,-1.3117475575206048,91.96392774581909,0.0049999999999999975,0.5954758186329977,0.30625
regime,0.05,0.005,3,100,-0.5401218672255126,-1.2010097850920258,93.61514282226562,0.0049999999999999975,0.7213536843233023,0.3025
regime,0.05,0.005,4,100,-0.5903651997092061,-1.3556748809075794,92.87805390357971,0.004999999999999999,0.5845813807884515,0.2775
regime,0.1,0.01,0,100,-0.5987864135383343,-1.3312395064169071,88.96997499465942,0.009999999999999998,0.7520537133504237,0.2825
regime,0.1,0.01,1,100,-0.532548301290197,-1.3727243975134658,88.10986709594727,0.009999999999999998,0.7948284023600338,0.31625
regime,0.1,0.01,2,100,-0.5664951154899428,-1.2859882882436533,88.33015060424805,0.009999999999999998,0.5980762204746882,0.4275
regime,0.1,0.01,3,100,-0.5401218672255126,-1.1851388574268023,90.82957935333252,0.009999999999999998,0.714297328959005,0.33625
regime,0.1,0.01,4,100,-0.5903651997092061,-1.3647339891317753,88.54989528656006,0.009999999999999998,0.6283888347971465,0.30375
regime,0.25,0.025,0,100,-0.5987864135383343,-0.9827957126072899,86.67096042633057,0.024999999999999994,0.6497181686940151,0.2925
regime,0.25,0.025,1,100,-0.532548301290197,-1.1508807547235316,86.8940110206604,0.024999999999999994,0.6468445248211493,0.55
regime,0.25,0.025,2,100,-0.5664951154899428,-1.2269449156331456,87.8717200756073,0.024999999999999994,0.5829423584795913,0.60625
regime,0.25,0.025,3,100,-0.5401218672255126,-1.1130224156968966,88.74031019210815,0.024999999999999994,0.6553506824350552,0.33625
regime,0.25,0.025,4,100,-0.5903651997092061,-1.317060697770152,87.78664946556091,0.024999999999999994,0.5453187862014571,0.48
regime,0.5,0.05,0,100,-0.5987864135383343,-0.9602272183312806,86.863529920578,0.04999999999999999,0.44019354161320734,0.47375
regime,0.5,0.05,1,100,-0.532548301290197,-1.0627775466328964,86.35233616828918,0.04999999999999999,0.55,0.645
regime,0.5,0.05,2,100,-0.5664951154899428,-1.039197486314602,87.22156357765198,0.04999999999999999,0.49790346537711166,0.46875
regime,0.5,0.05,3,100,-0.5401218672255126,-1.0390697502244601,87.20152235031128,0.04999999999999998,0.5044922220960779,0.4075
regime,0.5,0.05,4,100,-0.5903651997092061,-0.9968858241176755,87.35599493980408,0.04999999999999999,0.4519294948376721,0.575
