variant,seed,initial_loss,final_loss,runtime_seconds
baseline,0,-0.5420702569015325,-1.5508528497785663,199.72672486305237
baseline,1,-0.5670395554508961,-1.8992704137264889,191.2040867805481
baseline,2,-0.5701339965604406,-1.5978208751243055,190.18362975120544
baseline,3,-0.5497860587333571,-1.1956585892022655,197.94369840621948
baseline,4,-0.561538093684431,-1.8192777209302289,194.38338160514832
baseline,5,-0.5529341101504748,-1.3585750208913143,197.12357258796692
baseline,6,-0.5613470207791205,-1.185177237678269,194.4530267715454
baseline,7,-0.559261813492723,-1.779036567982479,197.79445147514343
baseline,8,-0.5778098415208046,-1.6735609000832887,198.0714452266693
baseline,9,-0.5533831795219305,-1.6525227810520613,196.0936577320099
regime,0,-0.5988984407718096,-2.4047754703438633,200.69428849220276
regime,1,-0.5332881004924753,-2.0559507273266946,192.70054078102112
regime,2,-0.5664371620861998,-1.8424457775010217,194.36808037757874
regime,3,-0.5405834165675336,-1.734560583734207,203.93937301635742
regime,4,-0.5902977458793234,-1.5392178557717082,203.2125587463379
regime,5,-0.5425109253367747,-1.8940230545694248,193.9747669696808
regime,6,-0.5304881839684016,-1.3651696300100264,194.1655457019806
regime,7,-0.5680137273649492,-1.7984560621231562,199.46549654006958
regime,8,-0.555445068373446,-0.9209541685871601,196.2660312652588
regime,9,-0.5742297810471451,-2.098282327887634,199.9624056816101
