,pi_t
2015-01-02,0.6375281840336167
2015-01-05,0.38902294045238245
2015-01-06,0.5117607919086106
2015-01-07,0.5594255270926622
2015-01-08,0.792931809093077
2015-01-09,0.7464447586706016
2015-01-12,0.7616768171607614
2015-01-13,0.9779929042885811
2015-01-14,0.9914385487494866
2015-01-15,0.986334503135762
2015-01-16,0.9948611239396086
2015-01-20,0.9968052579798174
2015-01-21,0.9959778731539706
2015-01-22,0.9963744983638546
2015-01-23,0.9998403915808711
2015-01-26,0.9999558053025799
2015-01-27,0.9999734411249802
2015-01-28,0.9999967208880608
2015-01-29,0.999999
2015-01-30,0.9999947970724326
2015-02-02,0.9999917665759542
2015-02-03,0.9999942550038223
2015-02-04,0.9999968198628887
2015-02-05,0.9999980826183119
2015-02-06,0.9999956372633648
2015-02-09,0.9999962751947857
2015-02-10,0.999999
2015-02-11,0.999999
2015-02-12,0.999999
2015-02-13,0.999999
2015-02-17,0.999999
2015-02-18,0.999999
2015-02-19,0.9999945312832205
2015-02-20,0.999999
2015-02-23,0.999999
2015-02-24,0.9999944319062963
2015-02-25,0.9999985785418751
2015-02-26,0.999999
2015-02-27,0.999999
2015-03-02,0.999999
2015-03-03,0.999999
2015-03-04,0.999999
2015-03-05,0.999999
2015-03-06,0.9999982298626829
2015-03-09,0.999999
2015-03-10,0.999999
2015-03-11,0.999999
2015-03-12,0.999999
2015-03-13,0.999999
2015-03-16,0.9999980424269843
2015-03-17,0.9999979659588942
2015-03-18,0.9999974967723401
2015-03-19,0.999996303921094
2015-03-20,0.9999949976430903
2015-03-23,0.9999987482099333
2015-03-24,0.999999
2015-03-25,0.9999986843443073
2015-03-26,0.999999
2015-03-27,0.999999
2015-03-30,0.9999988147752675
2015-03-31,0.999999
2015-04-01,0.999999
2015-04-02,0.999999
2015-04-06,0.999999
2015-04-07,0.9999935938680892
2015-04-08,0.9999882729418019
2015-04-09,0.999980709293163
2015-04-10,0.9999976876465614
2015-04-13,0.999999
2015-04-14,0.999999
2015-04-15,0.999999
2015-04-16,0.999999
2015-04-17,0.999999
2015-04-20,0.999999
2015-04-21,0.999999
2015-04-22,0.999999
2015-04-23,0.999999
2015-04-24,0.999999
2015-04-27,0.999999
2015-04-28,0.999999
2015-04-29,0.9999953448492979
2015-04-30,0.9999946246549019
2015-05-01,0.999999
2015-05-04,0.999999
2015-05-05,0.9999984189871927
2015-05-06,0.999999
2015-05-07,0.999999
2015-05-08,0.999999
2015-05-11,0.999999
2015-05-12,0.999999
2015-05-13,0.999999
2015-05-14,0.999999
2015-05-15,0.999999
2015-05-18,0.999999
2015-05-19,0.999999
2015-05-20,0.999999
2015-05-21,0.999999
2015-05-22,0.999999
2015-05-26,0.999999
2015-05-27,0.999999
2015-05-28,0.999999
2015-05-29,0.999999
2015-06-01,0.999999
2015-06-02,0.999999
2015-06-03,0.9999988717110938
2015-06-04,0.999999
2015-06-05,0.999999
2015-06-08,0.999999
2015-06-09,0.999999
2015-06-10,0.999999
2015-06-11,0.999999
2015-06-12,0.999999
2015-06-15,0.999999
2015-06-16,0.999999
2015-06-17,0.999999
2015-06-18,0.999999
2015-06-19,0.999999
2015-06-22,0.999999
2015-06-23,0.999999
2015-06-24,0.999999
2015-06-25,0.999999
2015-06-26,0.999999
2015-06-29,0.999999
2015-06-30,0.9999986313860286
2015-07-01,0.999999
2015-07-02,0.999999
2015-07-06,0.99999850647373
2015-07-07,0.9999985340455714
2015-07-08,0.9999978558489113
2015-07-09,0.999999
2015-07-10,0.999999
2015-07-13,0.999999
2015-07-14,0.999999
2015-07-15,0.999999
2015-07-16,0.999999
2015-07-17,0.999999
2015-07-20,0.999999
2015-07-21,0.999999
2015-07-22,0.9999980102163029
2015-07-23,0.999999
2015-07-24,0.999999
2015-07-27,0.9999988133034956
2015-07-28,0.999999
2015-07-29,0.999999
2015-07-30,0.999999
2015-07-31,0.999999
2015-08-03,0.999999
2015-08-04,0.999999
2015-08-05,0.999999
2015-08-06,0.999999
2015-08-07,0.999999
2015-08-10,0.999999
2015-08-11,0.999999
2015-08-12,0.999999
2015-08-13,0.999999
2015-08-14,0.999999
2015-08-17,0.999999
2015-08-18,0.999999
2015-08-19,0.999999
2015-08-20,0.999999
2015-08-21,0.9999969056878082
2015-08-24,0.9999968638580401
2015-08-25,0.9999984509168922
2015-08-26,0.9999986349464822
2015-08-27,0.9999989760328598
2015-08-28,0.999999
2015-08-31,0.999999
2015-09-01,0.999999
2015-09-02,0.9999987139873925
2015-09-03,0.999999
2015-09-04,0.9999986784327529
2015-09-08,0.9999987143916954
2015-09-09,0.999999
2015-09-10,0.999999
2015-09-11,0.999998520753688
2015-09-14,0.999999
2015-09-15,0.999999
2015-09-16,0.9999944478696189
2015-09-17,0.9999972591220587
2015-09-18,0.9999986860776453
2015-09-21,0.999999
2015-09-22,0.999999
2015-09-23,0.999999
2015-09-24,0.9999989221560521
2015-09-25,0.999999
2015-09-28,0.9999929547879567
2015-09-29,0.9999960784024746
2015-09-30,0.9999926108852637
2015-10-01,0.9999663694597205
2015-10-02,0.9999585698817355
2015-10-05,0.9998510620449041
2015-10-06,0.999793143188586
2015-10-07,0.9964209920276658
2015-10-08,0.9988053877701212
2015-10-09,0.9999532855245586
2015-10-12,0.9999772341103822
2015-10-13,0.9999979279352957
2015-10-14,0.999999
2015-10-15,0.999999
2015-10-16,0.999999
2015-10-19,0.9999987838370819
2015-10-20,0.999999
2015-10-21,0.999999
2015-10-22,0.9999985767105326
2015-10-23,0.999999
2015-10-26,0.999999
2015-10-27,0.999999
2015-10-28,0.999999
2015-10-29,0.999999
2015-10-30,0.999999
2015-11-02,0.9999881305447217
2015-11-03,0.9999782523259608
2015-11-04,0.9999965351387321
2015-11-05,0.9999985668932644
2015-11-06,0.9999926215690168
2015-11-09,0.9999888613697897
2015-11-10,0.9999955243802001
2015-11-11,0.999999
2015-11-12,0.999999
2015-11-13,0.999999
2015-11-16,0.999999
2015-11-17,0.999999
2015-11-18,0.999999
2015-11-19,0.9999785677365848
2015-11-20,0.9999918202847775
2015-11-23,0.999999
2015-11-24,0.999999
2015-11-25,0.999999
2015-11-27,0.999998880780452
2015-11-30,0.999999
2015-12-01,0.999999
2015-12-02,0.9999989733036109
2015-12-03,0.9999978821937812
2015-12-04,0.9999978121420344
2015-12-07,0.9999987117999439
2015-12-08,0.9999979671689531
2015-12-09,0.9999979327187372
2015-12-10,0.9999980679262003
2015-12-11,0.9999738949577223
2015-12-14,0.999969979912185
2015-12-15,0.9999401163410145
2015-12-16,0.9999558893604832
2015-12-17,0.9999348348794895
2015-12-18,0.9999486837623663
2015-12-21,0.9999380722475516
2015-12-22,0.9997728993189046
2015-12-23,0.9998565166922424
2015-12-24,0.9999937834764357
2015-12-28,0.9999876173344447
2015-12-29,0.9999944918370985
2015-12-30,0.9999989033662289
2015-12-31,0.999999
2016-01-04,0.9999959917624639
2016-01-05,0.9999950080994429
2016-01-06,0.9999969598530999
2016-01-07,0.9999857068899414
2016-01-08,0.999998721422053
2016-01-11,0.999999
2016-01-12,0.999999
2016-01-13,0.9999970009675646
2016-01-14,0.9999935310161142
2016-01-15,0.9999887152103077
2016-01-19,0.9999740846377643
2016-01-20,0.9999682930273734
2016-01-21,0.9999647128898349
2016-01-22,0.9999460578850614
2016-01-25,0.999920271133319
2016-01-26,0.9999054788048916
2016-01-27,0.9999276289196617
2016-01-28,0.999911050102393
2016-01-29,0.9998414000887962
2016-02-01,0.99986118124869
2016-02-02,0.9998029796830704
2016-02-03,0.99986402735857
2016-02-04,0.999848892835086
2016-02-05,0.9997343401034412
2016-02-08,0.9994399003276141
2016-02-09,0.9994798319688579
2016-02-10,0.9996516491914248
2016-02-11,0.9993198967484302
2016-02-12,0.9991692630741367
2016-02-16,0.9993154396410789
2016-02-17,0.9992353579703508
2016-02-18,0.9990579121287096
2016-02-19,0.9997760509088043
2016-02-22,0.9992421582768958
2016-02-23,0.9993534590650376
2016-02-24,0.9998852572971684
2016-02-25,0.9998957567473984
2016-02-26,0.9991514007660389
2016-02-29,0.9946243634261185
2016-03-01,0.9951328827524583
2016-03-02,0.9935554246869085
2016-03-03,0.9929899947824447
2016-03-04,0.9957264828386753
2016-03-07,0.9988412757330891
2016-03-08,0.9980603791053962
2016-03-09,0.9996920862908757
2016-03-10,0.9929491488902988
2016-03-11,0.9721333610610744
2016-03-14,0.9771750135357535
2016-03-15,0.9152931257474215
2016-03-16,0.9638995351868025
2016-03-17,0.9650655387908315
2016-03-18,0.9970260378810262
2016-03-21,0.9996205693531052
2016-03-22,0.9999752043330469
2016-03-23,0.999979564330643
2016-03-24,0.9999948776914159
2016-03-28,0.9999956210155272
2016-03-29,0.9999959713930555
2016-03-30,0.999999
2016-03-31,0.999999
2016-04-01,0.9999988808189535
2016-04-04,0.999999
2016-04-05,0.999999
2016-04-06,0.9999988039242642
2016-04-07,0.999999
2016-04-08,0.999999
2016-04-11,0.999999
2016-04-12,0.9999989484277718
2016-04-13,0.9999977199393602
2016-04-14,0.999999
2016-04-15,0.999999
2016-04-18,0.999999
2016-04-19,0.999999
2016-04-20,0.999997579580727
2016-04-21,0.9999969954059529
2016-04-22,0.9999986210722916
2016-04-25,0.999999
2016-04-26,0.999999
2016-04-27,0.999999
2016-04-28,0.999999
2016-04-29,0.999999
2016-05-02,0.999999
2016-05-03,0.9999976141771048
2016-05-04,0.9999871436921582
2016-05-05,0.999999
2016-05-06,0.999999
2016-05-09,0.9999977214719385
2016-05-10,0.9999937561141528
2016-05-11,0.9999919169353954
2016-05-12,0.999999
2016-05-13,0.999999
2016-05-16,0.999999
2016-05-17,0.999999
2016-05-18,0.999999
2016-05-19,0.999999
2016-05-20,0.999999
2016-05-23,0.999999
2016-05-24,0.999999
2016-05-25,0.999999
2016-05-26,0.999999
2016-05-27,0.999999
2016-05-31,0.999999
2016-06-01,0.999999
2016-06-02,0.999999
2016-06-03,0.999999
2016-06-06,0.999999
2016-06-07,0.999999
2016-06-08,0.999999
2016-06-09,0.999999
2016-06-10,0.999999
2016-06-13,0.999998325638741
2016-06-14,0.999999
2016-06-15,0.999999
2016-06-16,0.999999
2016-06-17,0.999999
2016-06-20,0.999999
2016-06-21,0.999999
2016-06-22,0.999999
2016-06-23,0.999999
2016-06-24,0.9999982963044072
2016-06-27,0.9999863435487084
2016-06-28,0.999947295280466
2016-06-29,0.9999097860371183
2016-06-30,0.9999077824463851
2016-07-01,0.9999778535693971
2016-07-05,0.9999489992671521
2016-07-06,0.9999441699268964
2016-07-07,0.9999551517525979
2016-07-08,0.9997909203724945
2016-07-11,0.9999404139134251
2016-07-12,0.9999725555418254
2016-07-13,0.9999858337875133
2016-07-14,0.9999956142026891
2016-07-15,0.999999
2016-07-18,0.999999
2016-07-19,0.999999
2016-07-20,0.999999
2016-07-21,0.999999
2016-07-22,0.999999
2016-07-25,0.999999
2016-07-26,0.999999
2016-07-27,0.999999
2016-07-28,0.999999
2016-07-29,0.999999
2016-08-01,0.9999982716718852
2016-08-02,0.9999985111096094
2016-08-03,0.9999985767853925
2016-08-04,0.9999986030023507
2016-08-05,0.999999
2016-08-08,0.999999
2016-08-09,0.999999
2016-08-10,0.999999
2016-08-11,0.999999
2016-08-12,0.999999
2016-08-15,0.999999
2016-08-16,0.999999
2016-08-17,0.999999
2016-08-18,0.999999
2016-08-19,0.999999
2016-08-22,0.999999
2016-08-23,0.999999
2016-08-24,0.999999
2016-08-25,0.999999
2016-08-26,0.999999
2016-08-29,0.999999
2016-08-30,0.999999
2016-08-31,0.999999
2016-09-01,0.999999
2016-09-02,0.999999
2016-09-06,0.999999
2016-09-07,0.999999
2016-09-08,0.9999989692729648
2016-09-09,0.9999922911846784
2016-09-12,0.9999904425420431
2016-09-13,0.9999780650646629
2016-09-14,0.9999983726551723
2016-09-15,0.999999
2016-09-16,0.999999
2016-09-19,0.999999
2016-09-20,0.999999
2016-09-21,0.999999
2016-09-22,0.999999
2016-09-23,0.999999
2016-09-26,0.999999
2016-09-27,0.9999983693319371
2016-09-28,0.9999975715586894
2016-09-29,0.999999
2016-09-30,0.999999
2016-10-03,0.9999985763264456
2016-10-04,0.999999
2016-10-05,0.9999955135716918
2016-10-06,0.999999
2016-10-07,0.999999
2016-10-10,0.999999
2016-10-11,0.999999
2016-10-12,0.999999
2016-10-13,0.999999
2016-10-14,0.999999
2016-10-17,0.999999
2016-10-18,0.999999
2016-10-19,0.999999
2016-10-20,0.999999
2016-10-21,0.999999
2016-10-24,0.999999
2016-10-25,0.999999
2016-10-26,0.999999
2016-10-27,0.9999947646157155
2016-10-28,0.9999973279491672
2016-10-31,0.9999914954558142
2016-11-01,0.9999818318064351
2016-11-02,0.9999854922097696
2016-11-03,0.9999986224492661
2016-11-04,0.999999
2016-11-07,0.9999769599262375
2016-11-08,0.9999841747535816
2016-11-09,0.9999806234756108
2016-11-10,0.9999707239020634
2016-11-11,0.9998681167487737
2016-11-14,0.999913641178439
2016-11-15,0.9999030664613562
2016-11-16,0.9999462670317472
2016-11-17,0.999963241559536
2016-11-18,0.9999684227305392
2016-11-21,0.9999159044360786
2016-11-22,0.9997876132620704
2016-11-23,0.99993268382381
2016-11-25,0.9999972819522199
2016-11-28,0.999999
2016-11-29,0.999999
2016-11-30,0.9999980966206348
2016-12-01,0.9999979384099587
2016-12-02,0.9999976475572179
2016-12-05,0.999999
2016-12-06,0.999999
2016-12-07,0.999999
2016-12-08,0.999999
2016-12-09,0.999999
2016-12-12,0.999999
2016-12-13,0.999999
2016-12-14,0.9999981296326621
2016-12-15,0.999999
2016-12-16,0.9999989335664823
2016-12-19,0.999999
2016-12-20,0.999999
2016-12-21,0.9999989635536146
2016-12-22,0.999999
2016-12-23,0.999999
2016-12-27,0.999999
2016-12-28,0.999999
2016-12-29,0.999999
2016-12-30,0.999999
2017-01-03,0.999999
2017-01-04,0.999999
2017-01-05,0.999999
2017-01-06,0.999999
2017-01-09,0.999999
2017-01-10,0.999999
2017-01-11,0.999999
2017-01-12,0.999999
2017-01-13,0.999999
2017-01-17,0.999999
2017-01-18,0.999999
2017-01-19,0.999999
2017-01-20,0.999999
2017-01-23,0.999999
2017-01-24,0.999999
2017-01-25,0.999999
2017-01-26,0.999999
2017-01-27,0.999999
2017-01-30,0.999999
2017-01-31,0.999999
2017-02-01,0.999999
2017-02-02,0.999999
2017-02-03,0.999999
2017-02-06,0.999999
2017-02-07,0.999999
2017-02-08,0.999999
2017-02-09,0.999999
2017-02-10,0.999999
2017-02-13,0.999999
2017-02-14,0.999999
2017-02-15,0.999999
2017-02-16,0.999999
2017-02-17,0.999999
2017-02-21,0.999999
2017-02-22,0.999999
2017-02-23,0.999999
2017-02-24,0.999999
2017-02-27,0.999999
2017-02-28,0.999999
2017-03-01,0.999999
2017-03-02,0.999999
2017-03-03,0.999999
2017-03-06,0.999999
2017-03-07,0.999996025535073
2017-03-08,0.999985671122891
2017-03-09,0.9999827121818146
2017-03-10,0.9999954184927975
2017-03-13,0.999999
2017-03-14,0.999999
2017-03-15,0.9999911512440447
2017-03-16,0.9999969766159347
2017-03-17,0.999999
2017-03-20,0.999999
2017-03-21,0.9999987948929262
2017-03-22,0.999999
2017-03-23,0.999999
2017-03-24,0.999999
2017-03-27,0.999999
2017-03-28,0.999999
2017-03-29,0.999999
2017-03-30,0.999999
2017-03-31,0.999999
2017-04-03,0.999999
2017-04-04,0.999999
2017-04-05,0.999999
2017-04-06,0.999999
2017-04-07,0.999999
2017-04-10,0.999999
2017-04-11,0.999999
2017-04-12,0.999999
2017-04-13,0.999999
2017-04-17,0.999999
2017-04-18,0.999999
2017-04-19,0.999999
2017-04-20,0.999999
2017-04-21,0.999999
2017-04-24,0.9999986444865927
2017-04-25,0.999999
2017-04-26,0.999999
2017-04-27,0.999999
2017-04-28,0.999999
2017-05-01,0.999999
2017-05-02,0.999999
2017-05-03,0.999999
2017-05-04,0.9999985071158226
2017-05-05,0.999999
2017-05-08,0.999999
2017-05-09,0.999999
2017-05-10,0.999999
2017-05-11,0.999999
2017-05-12,0.999999
2017-05-15,0.999999
2017-05-16,0.999999
2017-05-17,0.9999987970468145
2017-05-18,0.999999
2017-05-19,0.999999
2017-05-22,0.999999
2017-05-23,0.999999
2017-05-24,0.999999
2017-05-25,0.999999
2017-05-26,0.999999
2017-05-30,0.999999
2017-05-31,0.999999
2017-06-01,0.999999
2017-06-02,0.999999
2017-06-05,0.999999
2017-06-06,0.999999
2017-06-07,0.999999
2017-06-08,0.999999
2017-06-09,0.999999
2017-06-12,0.999999
2017-06-13,0.999999
2017-06-14,0.999999
2017-06-15,0.999999
2017-06-16,0.999999
2017-06-19,0.999999
2017-06-20,0.999999
2017-06-21,0.9999978183647105
2017-06-22,0.999999
2017-06-23,0.999999
2017-06-26,0.999999
2017-06-27,0.999999
2017-06-28,0.999999
2017-06-29,0.999999
2017-06-30,0.999999
2017-07-03,0.999999
2017-07-05,0.9999987452038155
2017-07-06,0.999999
2017-07-07,0.999999
2017-07-10,0.999999
2017-07-11,0.999999
2017-07-12,0.999999
2017-07-13,0.999999
2017-07-14,0.999999
2017-07-17,0.999999
2017-07-18,0.999999
2017-07-19,0.999999
2017-07-20,0.999999
2017-07-21,0.999999
2017-07-24,0.999999
2017-07-25,0.999999
2017-07-26,0.999999
2017-07-27,0.999999
2017-07-28,0.999999
2017-07-31,0.999999
2017-08-01,0.999999
2017-08-02,0.999999
2017-08-03,0.999999
2017-08-04,0.999999
2017-08-07,0.999999
2017-08-08,0.9999984660263216
2017-08-09,0.999999
2017-08-10,0.9999975782596995
2017-08-11,0.999999
2017-08-14,0.999999
2017-08-15,0.999999
2017-08-16,0.999999
2017-08-17,0.999999
2017-08-18,0.999999
2017-08-21,0.999999
2017-08-22,0.999999
2017-08-23,0.999999
2017-08-24,0.999999
2017-08-25,0.999999
2017-08-28,0.999999
2017-08-29,0.999999
2017-08-30,0.999999
2017-08-31,0.999999
2017-09-01,0.999999
2017-09-05,0.999999
2017-09-06,0.999999
2017-09-07,0.999999
2017-09-08,0.999999
2017-09-11,0.999999
2017-09-12,0.999999
2017-09-13,0.999999
2017-09-14,0.999999
2017-09-15,0.999999
2017-09-18,0.999999
2017-09-19,0.999999
2017-09-20,0.999999
2017-09-21,0.999999
2017-09-22,0.999999
2017-09-25,0.999999
2017-09-26,0.999999
2017-09-27,0.999999
2017-09-28,0.999999
2017-09-29,0.999999
2017-10-02,0.999999
2017-10-03,0.999999
2017-10-04,0.999999
2017-10-05,0.999999
2017-10-06,0.999999
2017-10-09,0.999999
2017-10-10,0.999999
2017-10-11,0.999999
2017-10-12,0.999999
2017-10-13,0.999999
2017-10-16,0.999999
2017-10-17,0.999999
2017-10-18,0.999999
2017-10-19,0.999999
2017-10-20,0.999999
2017-10-23,0.999999
2017-10-24,0.999999
2017-10-25,0.999999
2017-10-26,0.999999
2017-10-27,0.999999
2017-10-30,0.999999
2017-10-31,0.999999
2017-11-01,0.999999
2017-11-02,0.999999
2017-11-03,0.999999
2017-11-06,0.999999
2017-11-07,0.999999
2017-11-08,0.999999
2017-11-09,0.999999
2017-11-10,0.999999
2017-11-13,0.999999
2017-11-14,0.999999
2017-11-15,0.999999
2017-11-16,0.9999960162868228
2017-11-17,0.999999
2017-11-20,0.999999
2017-11-21,0.999999
2017-11-22,0.999999
2017-11-24,0.999999
2017-11-27,0.999999
2017-11-28,0.999999
2017-11-29,0.999999
2017-11-30,0.999999
2017-12-01,0.999999
2017-12-04,0.999999
2017-12-05,0.999999
2017-12-06,0.999999
2017-12-07,0.999999
2017-12-08,0.999999
2017-12-11,0.999999
2017-12-12,0.999999
2017-12-13,0.999999
2017-12-14,0.999999
2017-12-15,0.999999
2017-12-18,0.999999
2017-12-19,0.9999989947169036
2017-12-20,0.999999
2017-12-21,0.999999
2017-12-22,0.999999
2017-12-26,0.999999
2017-12-27,0.999999
2017-12-28,0.999999
2017-12-29,0.999999
2018-01-02,0.9999973095566684
2018-01-03,0.999999
2018-01-04,0.9999981143681769
2018-01-05,0.999999
2018-01-08,0.999999
2018-01-09,0.999999
2018-01-10,0.999999
2018-01-11,0.999999
2018-01-12,0.999999
2018-01-16,0.999999
2018-01-17,0.999999
2018-01-18,0.999999
2018-01-19,0.999999
2018-01-22,0.999999
2018-01-23,0.999999
2018-01-24,0.999999
2018-01-25,0.999999
2018-01-26,0.999999
2018-01-29,0.999999
2018-01-30,0.999999
2018-01-31,0.999999
2018-02-01,0.9999976794695945
2018-02-02,0.999995864873008
2018-02-05,0.9999931906204886
2018-02-06,0.999990201539787
2018-02-07,0.9999879729612535
2018-02-08,0.9999847237156123
2018-02-09,0.9999882898582386
2018-02-12,0.9999805957774707
2018-02-13,0.9999809317115572
2018-02-14,0.9999749988594058
2018-02-15,0.9999311018641225
2018-02-16,0.999990893884174
2018-02-20,0.9999955560963979
2018-02-21,0.9999963055089429
2018-02-22,0.999999
2018-02-23,0.999999
2018-02-26,0.999999
2018-02-27,0.999997845743949
2018-02-28,0.999999
2018-03-01,0.9999984191461153
2018-03-02,0.999999
2018-03-05,0.999999
2018-03-06,0.999999
2018-03-07,0.999999
2018-03-08,0.999999
2018-03-09,0.9999987810579448
2018-03-12,0.999999
2018-03-13,0.999999
2018-03-14,0.999999
2018-03-15,0.999999
2018-03-16,0.999999
2018-03-19,0.999999
2018-03-20,0.999999
2018-03-21,0.999999
2018-03-22,0.99999737800763
2018-03-23,0.999994811038884
2018-03-26,0.9999889571894184
2018-03-27,0.9999883706464955
2018-03-28,0.9999798627185839
2018-03-29,0.9999548004294503
2018-04-02,0.9999518602480479
2018-04-03,0.9999765101069577
2018-04-04,0.9999975180595789
2018-04-05,0.999999
2018-04-06,0.9999986987414677
2018-04-09,0.999999
2018-04-10,0.999999
2018-04-11,0.999999
2018-04-12,0.999999
2018-04-13,0.999999
2018-04-16,0.999999
2018-04-17,0.999999
2018-04-18,0.999999
2018-04-19,0.999999
2018-04-20,0.999999
2018-04-23,0.999999
2018-04-24,0.9999987417304143
2018-04-25,0.999999
2018-04-26,0.999999
2018-04-27,0.999999
2018-04-30,0.999999
2018-05-01,0.999999
2018-05-02,0.999999
2018-05-03,0.999999
2018-05-04,0.999999
2018-05-07,0.999999
2018-05-08,0.999999
2018-05-09,0.999999
2018-05-10,0.999999
2018-05-11,0.999999
2018-05-14,0.999999
2018-05-15,0.999998998484018
2018-05-16,0.999999
2018-05-17,0.999999
2018-05-18,0.999999
2018-05-21,0.999999
2018-05-22,0.999999
2018-05-23,0.999999
2018-05-24,0.999999
2018-05-25,0.999999
2018-05-29,0.999999
2018-05-30,0.999999
2018-05-31,0.999999
2018-06-01,0.999999
2018-06-04,0.999999
2018-06-05,0.999999
2018-06-06,0.999999
2018-06-07,0.999999
2018-06-08,0.999999
2018-06-11,0.999999
2018-06-12,0.999999
2018-06-13,0.9999986326803083
2018-06-14,0.999999
2018-06-15,0.999999
2018-06-18,0.999999
2018-06-19,0.999999
2018-06-20,0.9999985630908085
2018-06-21,0.9999989935768198
2018-06-22,0.999999
2018-06-25,0.999999
2018-06-26,0.999999
2018-06-27,0.999999
2018-06-28,0.999999
2018-06-29,0.999999
2018-07-02,0.999999
2018-07-03,0.999999
2018-07-05,0.999999
2018-07-06,0.999999
2018-07-09,0.9999984220050692
2018-07-10,0.999999
2018-07-11,0.9999989503084717
2018-07-12,0.999999
2018-07-13,0.999999
2018-07-16,0.999999
2018-07-17,0.999999
2018-07-18,0.999999
2018-07-19,0.999999
2018-07-20,0.999999
2018-07-23,0.999999
2018-07-24,0.999999
2018-07-25,0.999999
2018-07-26,0.999999
2018-07-27,0.999999
2018-07-30,0.999999
2018-07-31,0.999999
2018-08-01,0.999999
2018-08-02,0.999999
2018-08-03,0.999999
2018-08-06,0.999999
2018-08-07,0.999999
2018-08-08,0.999999
2018-08-09,0.999999
2018-08-10,0.999999
2018-08-13,0.999999
2018-08-14,0.999999
2018-08-15,0.9999979784381134
2018-08-16,0.999999
2018-08-17,0.999999
2018-08-20,0.999999
2018-08-21,0.999999
2018-08-22,0.999999
2018-08-23,0.999999
2018-08-24,0.999999
2018-08-27,0.999999
2018-08-28,0.999999
2018-08-29,0.999999
2018-08-30,0.999999
2018-08-31,0.999999
2018-09-04,0.999999
2018-09-05,0.999999
2018-09-06,0.999999
2018-09-07,0.999999
2018-09-10,0.999999
2018-09-11,0.999999
2018-09-12,0.999999
2018-09-13,0.999999
2018-09-14,0.999999
2018-09-17,0.999999
2018-09-18,0.999999
2018-09-19,0.999999
2018-09-20,0.999999
2018-09-21,0.999999
2018-09-24,0.9999982047048065
2018-09-25,0.999999
2018-09-26,0.999999
2018-09-27,0.999999
2018-09-28,0.999999
2018-10-01,0.999999
2018-10-02,0.999999
2018-10-03,0.999999
2018-10-04,0.999999
2018-10-05,0.999999
2018-10-08,0.999999
2018-10-09,0.999999
2018-10-10,0.999996390573288
2018-10-11,0.9999971754989438
2018-10-12,0.9999958697919936
2018-10-15,0.9999917205875527
2018-10-16,0.999986778374051
2018-10-17,0.9999960258202966
2018-10-18,0.9999950188504971
2018-10-19,0.999999
2018-10-22,0.999999
2018-10-23,0.999999
2018-10-24,0.9999918449808834
2018-10-25,0.9999886832101988
2018-10-26,0.9999918628351129
2018-10-29,0.9999875449996516
2018-10-30,0.9999873802821582
2018-10-31,0.9999790631333636
2018-11-01,0.999959692903201
2018-11-02,0.9999777876267704
2018-11-05,0.9999960741284173
2018-11-06,0.999999
2018-11-07,0.999999
2018-11-08,0.999999
2018-11-09,0.999999
2018-11-12,0.9999986789363794
2018-11-13,0.9999976903023146
2018-11-14,0.9999965607618134
2018-11-15,0.999991097692099
2018-11-16,0.9999951045520539
2018-11-19,0.9999938372379797
2018-11-20,0.9999873712619611
2018-11-21,0.9999928165221961
2018-11-23,0.9999890738214678
2018-11-26,0.9999958892228246
2018-11-27,0.999999
2018-11-28,0.9999983976023439
2018-11-29,0.9999913793368375
2018-11-30,0.9999946264194663
2018-12-03,0.9999961312753185
2018-12-04,0.9999921604107643
2018-12-06,0.9999923121781361
2018-12-07,0.9999960104799146
2018-12-10,0.9999958377895294
2018-12-11,0.9999968787976208
2018-12-12,0.9999869794286256
2018-12-13,0.9999931245262258
2018-12-14,0.9999919578595297
2018-12-17,0.9999353572517212
2018-12-18,0.9999533918103053
2018-12-19,0.9999425711698625
2018-12-20,0.9999372386138389
2018-12-21,0.999927765037937
2018-12-24,0.999940732109912
2018-12-26,0.9999391941730579
2018-12-27,0.9994344622249319
2018-12-28,0.9998920822719914
2018-12-31,0.9999719245706451
2019-01-02,0.9998423505261069
2019-01-03,0.9990660663310643
2019-01-04,0.9981500808740502
2019-01-07,0.9978528596875362
2019-01-08,0.9968644017256418
2019-01-09,0.9964049076283882
2019-01-10,0.9966364510484211
2019-01-11,0.9996148718759551
2019-01-14,0.9999492251547144
2019-01-15,0.9999957442002716
2019-01-16,0.999999
2019-01-17,0.999999
2019-01-18,0.999999
2019-01-22,0.999999
2019-01-23,0.999999
2019-01-24,0.999999
2019-01-25,0.999999
2019-01-28,0.9999988796255432
2019-01-29,0.999999
2019-01-30,0.999998633221642
2019-01-31,0.9999989181213714
2019-02-01,0.999999
2019-02-04,0.999999
2019-02-05,0.999999
2019-02-06,0.999999
2019-02-07,0.9999985212660207
2019-02-08,0.999999
2019-02-11,0.999999
2019-02-12,0.999999
2019-02-13,0.999999
2019-02-14,0.999999
2019-02-15,0.999999
2019-02-19,0.999999
2019-02-20,0.999999
2019-02-21,0.999999
2019-02-22,0.999999
2019-02-25,0.999999
2019-02-26,0.999999
2019-02-27,0.999999
2019-02-28,0.999999
2019-03-01,0.999999
2019-03-04,0.999999
2019-03-05,0.999999
2019-03-06,0.999999
2019-03-07,0.999999
2019-03-08,0.999999
2019-03-11,0.999999
2019-03-12,0.999999
2019-03-13,0.999999
2019-03-14,0.999999
2019-03-15,0.999999
2019-03-18,0.999999
2019-03-19,0.999999
2019-03-20,0.999999
2019-03-21,0.9999989957949863
2019-03-22,0.999999
2019-03-25,0.999999
2019-03-26,0.999999
2019-03-27,0.999999
2019-03-28,0.999999
2019-03-29,0.999999
2019-04-01,0.999999
2019-04-02,0.999999
2019-04-03,0.999999
2019-04-04,0.999999
2019-04-05,0.999999
2019-04-08,0.999999
2019-04-09,0.999999
2019-04-10,0.999999
2019-04-11,0.999999
2019-04-12,0.999999
2019-04-15,0.999999
2019-04-16,0.9999967637153879
2019-04-17,0.999999
2019-04-18,0.999999
2019-04-22,0.999999
2019-04-23,0.999999
2019-04-24,0.999999
2019-04-25,0.999999
2019-04-26,0.999999
2019-04-29,0.999999
2019-04-30,0.999999
2019-05-01,0.999999
2019-05-02,0.999999
2019-05-03,0.999999
2019-05-06,0.999999
2019-05-07,0.999999
2019-05-08,0.999999
2019-05-09,0.999999
2019-05-10,0.999999
2019-05-13,0.9999915768003386
2019-05-14,0.9999969541967283
2019-05-15,0.999999
2019-05-16,0.999999
2019-05-17,0.999999
2019-05-20,0.999999
2019-05-21,0.999999
2019-05-22,0.999999
2019-05-23,0.999998261894001
2019-05-24,0.999999
2019-05-28,0.999999
2019-05-29,0.999999
2019-05-30,0.999999
2019-05-31,0.9999951747018436
2019-06-03,0.9999968692459723
2019-06-04,0.9999910695363593
2019-06-05,0.9999946180301669
2019-06-06,0.9999960173672041
2019-06-07,0.999999
2019-06-10,0.999999
2019-06-11,0.999999
2019-06-12,0.999999
2019-06-13,0.999999
2019-06-14,0.999999
2019-06-17,0.999999
2019-06-18,0.9999919715104214
2019-06-19,0.9999852387383638
2019-06-20,0.9999851401373957
2019-06-21,0.999995238062721
2019-06-24,0.999999
2019-06-25,0.9999974964649079
2019-06-26,0.9999942191506703
2019-06-27,0.9999976635839157
2019-06-28,0.999999
2019-07-01,0.9999986764474632
2019-07-02,0.9999980961699263
2019-07-03,0.999999
2019-07-05,0.999999
2019-07-08,0.999999
2019-07-09,0.999999
2019-07-10,0.999999
2019-07-11,0.999999
2019-07-12,0.999999
2019-07-15,0.999999
2019-07-16,0.999999
2019-07-17,0.999999
2019-07-18,0.999999
2019-07-19,0.999999
2019-07-22,0.999999
2019-07-23,0.999999
2019-07-24,0.999999
2019-07-25,0.999999
2019-07-26,0.999999
2019-07-29,0.999999
2019-07-30,0.999999
2019-07-31,0.999999
2019-08-01,0.9999983627998358
2019-08-02,0.9999988439318346
2019-08-05,0.999993006290047
2019-08-06,0.9999876348831095
2019-08-07,0.9999908717430175
2019-08-08,0.9999933393767958
2019-08-09,0.9999980334268509
2019-08-12,0.999999
2019-08-13,0.999999
2019-08-14,0.9999986531656065
2019-08-15,0.999999
2019-08-16,0.999999
2019-08-19,0.999999
2019-08-20,0.999999
2019-08-21,0.999999
2019-08-22,0.999999
2019-08-23,0.999998724489646
2019-08-26,0.999999
2019-08-27,0.999999
2019-08-28,0.999999
2019-08-29,0.999999
2019-08-30,0.999999
2019-09-03,0.9999981966698989
2019-09-04,0.999999
2019-09-05,0.999999
2019-09-06,0.999999
2019-09-09,0.999999
2019-09-10,0.999999
2019-09-11,0.999999
2019-09-12,0.999999
2019-09-13,0.999999
2019-09-16,0.9999982820315543
2019-09-17,0.9999987544235338
2019-09-18,0.999999
2019-09-19,0.999999
2019-09-20,0.999999
2019-09-23,0.999999
2019-09-24,0.999999
2019-09-25,0.999999
2019-09-26,0.999999
2019-09-27,0.999999
2019-09-30,0.999999
2019-10-01,0.999999
2019-10-02,0.999999
2019-10-03,0.999999
2019-10-04,0.999999
2019-10-07,0.999999
2019-10-08,0.999999
2019-10-09,0.999999
2019-10-10,0.999999
2019-10-11,0.999999
2019-10-14,0.999999
2019-10-15,0.999999
2019-10-16,0.999999
2019-10-17,0.999999
2019-10-18,0.999999
2019-10-21,0.999999
2019-10-22,0.999999
2019-10-23,0.999999
2019-10-24,0.999999
2019-10-25,0.999999
2019-10-28,0.999999
2019-10-29,0.999999
2019-10-30,0.999999
2019-10-31,0.999999
2019-11-01,0.999999
2019-11-04,0.999999
2019-11-05,0.999999
2019-11-06,0.9999989402796884
2019-11-07,0.999999
2019-11-08,0.999999
2019-11-11,0.999999
2019-11-12,0.999999
2019-11-13,0.999999
2019-11-14,0.999999
2019-11-15,0.999999
2019-11-18,0.999999
2019-11-19,0.999999
2019-11-20,0.999999
2019-11-21,0.999999
2019-11-22,0.999999
2019-11-25,0.999999
2019-11-26,0.999999
2019-11-27,0.999999
2019-11-29,0.999999
2019-12-02,0.999999
2019-12-03,0.999999
2019-12-04,0.999999
2019-12-05,0.999999
2019-12-06,0.999999
2019-12-09,0.999999
2019-12-10,0.999999
2019-12-11,0.999999
2019-12-12,0.9999986717617607
2019-12-13,0.999999
2019-12-16,0.999999
2019-12-17,0.999999
2019-12-18,0.999999
2019-12-19,0.999999
2019-12-20,0.999999
2019-12-23,0.999999
2019-12-24,0.999999
2019-12-26,0.999999
2019-12-27,0.999999
2019-12-30,0.999999
2019-12-31,0.999999
2020-01-02,0.9999944294790274
2020-01-03,0.9999963123038267
2020-01-06,0.999999
2020-01-07,0.999999
2020-01-08,0.999999
2020-01-09,0.9999987961407277
2020-01-10,0.999999
2020-01-13,0.9999987669988657
2020-01-14,0.999999
2020-01-15,0.999999
2020-01-16,0.999999
2020-01-17,0.999999
2020-01-21,0.9999986450573972
2020-01-22,0.999999
2020-01-23,0.999999
2020-01-24,0.999999
2020-01-27,0.9999966785384647
2020-01-28,0.9999953283798992
2020-01-29,0.999999
2020-01-30,0.999999
2020-01-31,0.999999
2020-02-03,0.999999
2020-02-04,0.999999
2020-02-05,0.999999
2020-02-06,0.999999
2020-02-07,0.999999
2020-02-10,0.999999
2020-02-11,0.999999
2020-02-12,0.999999
2020-02-13,0.999999
2020-02-14,0.999999
2020-02-18,0.999999
2020-02-19,0.9999988780844297
2020-02-20,0.999999
2020-02-21,0.999999
2020-02-24,0.9999944183788823
2020-02-25,0.9999936459679148
2020-02-26,0.9999918781808789
2020-02-27,0.9999900340042405
2020-02-28,0.9999861040354406
2020-03-02,0.9999949537156186
2020-03-03,0.999997488499281
2020-03-04,0.9999983550784434
2020-03-05,0.9999966171072254
2020-03-06,0.9999982013768164
2020-03-09,0.999999
2020-03-10,0.999999
2020-03-11,0.999999
2020-03-12,0.999999
2020-03-13,0.999999
2020-03-16,0.999999
2020-03-17,0.999999
2020-03-18,0.999999
2020-03-19,0.999999
2020-03-20,0.999999
2020-03-23,0.999999
2020-03-24,0.999999
2020-03-25,0.999999
2020-03-26,0.999999
2020-03-27,0.999999
2020-03-30,0.999999
2020-03-31,0.999999
2020-04-01,0.999999
2020-04-02,0.9999944193205363
2020-04-03,0.999993651134247
2020-04-06,0.9999970265108015
2020-04-07,0.9999063283815051
2020-04-08,0.9998060242221181
2020-04-09,0.999999
2020-04-13,0.999998085155996
2020-04-14,0.9999967121994354
2020-04-15,0.999994198628566
2020-04-16,0.9999869545078627
2020-04-17,0.9999829122010605
2020-04-20,0.999940327597242
2020-04-21,0.9999439636880189
2020-04-22,0.9998869472815497
2020-04-23,0.999778016207666
2020-04-24,0.9991502938695281
2020-04-27,0.9990257376855368
2020-04-28,0.9991754765921235
2020-04-29,0.9935002353598095
2020-04-30,0.9965578197547329
2020-05-01,0.9900473253532702
2020-05-04,0.9908505324691722
2020-05-05,0.9914404054700354
2020-05-06,0.9830506667800588
2020-05-07,0.9737649346794978
2020-05-08,0.9653217831077684
2020-05-11,0.8601927946253601
2020-05-12,0.4889387473680047
2020-05-13,0.5269028578314743
2020-05-14,0.6366795074546776
2020-05-15,0.47352219329611633
2020-05-18,0.2959137961085831
2020-05-19,0.36636192256649464
2020-05-20,0.0197741483540111
2020-05-21,0.035473490816517836
2020-05-22,0.031628616377410934
2020-05-26,0.029181325324933848
2020-05-27,0.05466641648239317
2020-05-28,0.09375400279615034
2020-05-29,0.06587724584270079
2020-06-01,0.12885387583829577
2020-06-02,0.053613430449274344
2020-06-03,0.05259497668162572
2020-06-04,0.06296042611001726
2020-06-05,0.027773287962014274
2020-06-08,0.039760721771131824
2020-06-09,0.031094491529505625
2020-06-10,0.048740040640821825
2020-06-11,0.049477798838761106
2020-06-12,0.004322482811119635
2020-06-15,0.00034086787732735
2020-06-16,0.00045305459101066574
2020-06-17,0.0005028923894882127
2020-06-18,0.0019318340397150675
2020-06-19,0.00503287956226288
2020-06-22,0.052166603889188125
2020-06-23,0.36397445724681915
2020-06-24,0.11923307831604299
2020-06-25,0.2836754676010134
2020-06-26,0.2230785750337444
2020-06-29,0.1600569667237386
2020-06-30,0.15873819389936386
2020-07-01,0.0774749620981764
2020-07-02,0.06835488867501147
2020-07-06,0.032012056354323484
2020-07-07,0.050973810767923254
2020-07-08,0.07731362522979243
2020-07-09,0.19116938501279507
2020-07-10,0.6210953705224549
2020-07-13,0.5930379201365511
2020-07-14,0.35027428202469363
2020-07-15,0.7026536027632839
2020-07-16,0.874494021779903
2020-07-17,0.9713844146063937
2020-07-20,0.920656469477466
2020-07-21,0.9885039054185976
2020-07-22,0.9955853017565593
2020-07-23,0.998518933298978
2020-07-24,0.999567307937874
2020-07-27,0.999799362282618
2020-07-28,0.9974369420144008
2020-07-29,0.9947823896205595
2020-07-30,0.9974185852252616
2020-07-31,0.9986813774849442
2020-08-03,0.9985914480204668
2020-08-04,0.9988895804245536
2020-08-05,0.9997830611525699
2020-08-06,0.9999488759448062
2020-08-07,0.9999055286127716
2020-08-10,0.9999973972250576
2020-08-11,0.999994998331872
2020-08-12,0.9999914717266638
2020-08-13,0.9999221214871286
2020-08-14,0.9998163199094546
2020-08-17,0.9999313864981338
2020-08-18,0.9999958077693571
2020-08-19,0.9999961554290556
2020-08-20,0.999999
2020-08-21,0.999999
2020-08-24,0.999999
2020-08-25,0.999999
2020-08-26,0.999999
2020-08-27,0.9999976414488471
2020-08-28,0.999999
2020-08-31,0.9999977040440137
2020-09-01,0.9999974507442478
2020-09-02,0.9999979902721443
2020-09-03,0.9999955936262719
2020-09-04,0.9999906262172151
2020-09-08,0.999990739404252
2020-09-09,0.9999828184407741
2020-09-10,0.9999888630046935
2020-09-11,0.9999980940873568
2020-09-14,0.9999863531452532
2020-09-15,0.999999
2020-09-16,0.999999
2020-09-17,0.9999988938924345
2020-09-18,0.9999985288413147
2020-09-21,0.999995641174767
2020-09-22,0.9999968142039751
2020-09-23,0.9999892016887398
2020-09-24,0.9999752184214381
2020-09-25,0.9999487340192927
2020-09-28,0.9998657131003691
2020-09-29,0.9999314592865227
2020-09-30,0.9999500620593946
2020-10-01,0.9999437999475334
2020-10-02,0.9998186747791055
2020-10-05,0.9998689592905161
2020-10-06,0.9999040484460348
2020-10-07,0.9999309749769275
2020-10-08,0.9999919578635075
2020-10-09,0.9999962479951425
2020-10-12,0.999990235268465
2020-10-13,0.9999928376023581
2020-10-14,0.9999984588381139
2020-10-15,0.999999
2020-10-16,0.999999
2020-10-19,0.999999
2020-10-20,0.999999
2020-10-21,0.999999
2020-10-22,0.999999
2020-10-23,0.999999
2020-10-26,0.9999982687804352
2020-10-27,0.9999975737446326
2020-10-28,0.9999909630014158
2020-10-29,0.9999943084908529
2020-10-30,0.9999920706090819
2020-11-02,0.9999948887398615
2020-11-03,0.9999973463713189
2020-11-04,0.9999699782689467
2020-11-05,0.999936334873807
2020-11-06,0.9999554395009921
2020-11-09,0.9999234137419308
2020-11-10,0.9998444933681213
2020-11-11,0.9999022516290985
2020-11-12,0.9999576293470163
2020-11-13,0.9999447931441017
2020-11-16,0.9999734981196488
2020-11-17,0.999998703306949
2020-11-18,0.9999976422793313
2020-11-19,0.9999983960550287
2020-11-20,0.999999
2020-11-23,0.999999
2020-11-24,0.9999988532988728
2020-11-25,0.999999
2020-11-27,0.999999
2020-11-30,0.9999949456129512
2020-12-01,0.9999983713482361
2020-12-02,0.999999
2020-12-03,0.999999
2020-12-04,0.999999
2020-12-07,0.999999
2020-12-08,0.999999
2020-12-09,0.999999
2020-12-10,0.999999
2020-12-11,0.999999
2020-12-14,0.999999
2020-12-15,0.999999
2020-12-16,0.999999
2020-12-17,0.999999
2020-12-18,0.9999986253722328
2020-12-21,0.999999
2020-12-22,0.999999
2020-12-23,0.999999
2020-12-24,0.999999
2020-12-28,0.999999
2020-12-29,0.999999
2020-12-30,0.999999
2020-12-31,0.999999
2021-01-04,0.9999903717112079
2021-01-05,0.9999943829499323
2021-01-06,0.9999939350171215
2021-01-07,0.9999926251752258
2021-01-08,0.9999900580866413
2021-01-11,0.9999833579773527
2021-01-12,0.9999946026714928
2021-01-13,0.9999913510132289
2021-01-14,0.9999954489023786
2021-01-15,0.9999947165999393
2021-01-19,0.9999987317879057
2021-01-20,0.9999984531916316
2021-01-21,0.999999
2021-01-22,0.999999
2021-01-25,0.999999
2021-01-26,0.999999
2021-01-27,0.9999968220025945
2021-01-28,0.999999
2021-01-29,0.9999976768091554
2021-02-01,0.9999967843666749
2021-02-02,0.9999989932909632
2021-02-03,0.999999
2021-02-04,0.999999
2021-02-05,0.999999
2021-02-08,0.999999
2021-02-09,0.999999
2021-02-10,0.999999
2021-02-11,0.999999
2021-02-12,0.999999
2021-02-16,0.999999
2021-02-17,0.9999986927721187
2021-02-18,0.999999
2021-02-19,0.9999986516486981
2021-02-22,0.9999842973279621
2021-02-23,0.9999920683630131
2021-02-24,0.9999908161480002
2021-02-25,0.9999676855296865
2021-02-26,0.9999497753244024
2021-03-01,0.999940175447454
2021-03-02,0.9999376528563632
2021-03-03,0.9999277154422344
2021-03-04,0.999916350400813
2021-03-05,0.9999408876966809
2021-03-08,0.9997073138721244
2021-03-09,0.9995831503210204
2021-03-10,0.9993961601209579
2021-03-11,0.9994524549344093
2021-03-12,0.9976256348960048
2021-03-15,0.9979966317725677
2021-03-16,0.9998277228455394
2021-03-17,0.9999833815923006
2021-03-18,0.9999518042846034
2021-03-19,0.9999758945064131
2021-03-22,0.9999828256572787
2021-03-23,0.9999880647161372
2021-03-24,0.9999843158719933
2021-03-25,0.9999934937867675
2021-03-26,0.9999948148015955
2021-03-29,0.9999988361822809
2021-03-30,0.9999980728213648
2021-03-31,0.9999958781988518
2021-04-01,0.999999
2021-04-05,0.9999983251373353
2021-04-06,0.999999
2021-04-07,0.999999
2021-04-08,0.999999
2021-04-09,0.999999
2021-04-12,0.999999
2021-04-13,0.999999
2021-04-14,0.999999
2021-04-15,0.999999
2021-04-16,0.9999953836269173
2021-04-19,0.999999
2021-04-20,0.999999
2021-04-21,0.999999
2021-04-22,0.999999
2021-04-23,0.999999
2021-04-26,0.999999
2021-04-27,0.999999
2021-04-28,0.999999
2021-04-29,0.999999
2021-04-30,0.999999
2021-05-03,0.999999
2021-05-04,0.999999
2021-05-05,0.9999985956699691
2021-05-06,0.999999
2021-05-07,0.999999
2021-05-10,0.9999985690304356
2021-05-11,0.999999
2021-05-12,0.9999969811113557
2021-05-13,0.9999976035286319
2021-05-14,0.999996624719118
2021-05-17,0.999999
2021-05-18,0.9999985692046521
2021-05-19,0.999999
2021-05-20,0.999999
2021-05-21,0.999999
2021-05-24,0.999999
2021-05-25,0.999999
2021-05-26,0.999999
2021-05-27,0.999999
2021-05-28,0.999999
2021-06-01,0.999997907531191
2021-06-02,0.999999
2021-06-03,0.999999
2021-06-04,0.999999
2021-06-07,0.999999
2021-06-08,0.999999
2021-06-09,0.999999
2021-06-10,0.999999
2021-06-11,0.999999
2021-06-14,0.999999
2021-06-15,0.999999
2021-06-16,0.999999
2021-06-17,0.9999984600304216
2021-06-18,0.999999
2021-06-21,0.999998069143638
2021-06-22,0.999999
2021-06-23,0.999999
2021-06-24,0.999999
2021-06-25,0.999999
2021-06-28,0.999999
2021-06-29,0.999999
2021-06-30,0.999999
2021-07-01,0.999999
2021-07-02,0.999999
2021-07-06,0.9999988675654169
2021-07-07,0.999999
2021-07-08,0.999999
2021-07-09,0.999999
2021-07-12,0.999999
2021-07-13,0.999999
2021-07-14,0.999999
2021-07-15,0.999999
2021-07-16,0.999999
2021-07-19,0.9999975130938478
2021-07-20,0.9999966290425883
2021-07-21,0.9999984337832307
2021-07-22,0.999999
2021-07-23,0.999999
2021-07-26,0.999999
2021-07-27,0.999999
2021-07-28,0.999999
2021-07-29,0.999999
2021-07-30,0.999999
2021-08-02,0.999999
2021-08-03,0.999999
2021-08-04,0.999999
2021-08-05,0.999999
2021-08-06,0.999999
2021-08-09,0.999999
2021-08-10,0.999999
2021-08-11,0.999999
2021-08-12,0.999999
2021-08-13,0.999999
2021-08-16,0.999999
2021-08-17,0.999999
2021-08-18,0.999999
2021-08-19,0.999999
2021-08-20,0.999999
2021-08-23,0.9999987983773136
2021-08-24,0.999999
2021-08-25,0.999999
2021-08-26,0.999999
2021-08-27,0.999999
2021-08-30,0.999999
2021-08-31,0.999999
2021-09-01,0.999999
2021-09-02,0.999999
2021-09-03,0.999999
2021-09-07,0.999999
2021-09-08,0.999999
2021-09-09,0.9999924020745343
2021-09-10,0.9999960064466697
2021-09-13,0.999999
2021-09-14,0.999999
2021-09-15,0.999999
2021-09-16,0.999999
2021-09-17,0.999999
2021-09-20,0.999999
2021-09-21,0.999999
2021-09-22,0.999999
2021-09-23,0.999999
2021-09-24,0.999999
2021-09-27,0.999999
2021-09-28,0.9999948967486633
2021-09-29,0.9999978158850231
2021-09-30,0.9999955769923025
2021-10-01,0.9999934831294429
2021-10-04,0.9999931747312046
2021-10-05,0.9999944134507976
2021-10-06,0.9999972869771363
2021-10-07,0.9999988661545085
2021-10-08,0.999999
2021-10-11,0.999999
2021-10-12,0.999999
2021-10-13,0.999999
2021-10-14,0.999999
2021-10-15,0.999999
2021-10-18,0.999999
2021-10-19,0.999999
2021-10-20,0.999999
2021-10-21,0.999999
2021-10-22,0.999999
2021-10-25,0.999999
2021-10-26,0.999999
2021-10-27,0.999999
2021-10-28,0.999999
2021-10-29,0.999999
2021-11-01,0.999999
2021-11-02,0.999999
2021-11-03,0.999999
2021-11-04,0.999999
2021-11-05,0.999999
2021-11-08,0.999999
2021-11-09,0.999999
2021-11-10,0.9999979805212282
2021-11-11,0.9999984845877624
2021-11-12,0.999999
2021-11-15,0.9999982051661382
2021-11-16,0.999999
2021-11-17,0.999999
2021-11-18,0.999999
2021-11-19,0.999999
2021-11-22,0.999999
2021-11-23,0.9999984804443709
2021-11-24,0.999999
2021-11-26,0.9999976606208671
2021-11-29,0.9999967866202452
2021-11-30,0.9999961703447504
2021-12-01,0.999995829194303
2021-12-02,0.9999944370734255
2021-12-03,0.9999879525707138
2021-12-06,0.9999908543493733
2021-12-07,0.9999974107947651
2021-12-08,0.999998469975923
2021-12-09,0.9999987667757538
2021-12-10,0.999999
2021-12-13,0.999999
2021-12-14,0.999999
2021-12-15,0.999999
2021-12-16,0.999999
2021-12-17,0.999999
2021-12-20,0.999999
2021-12-21,0.9999984414604616
2021-12-22,0.999999
2021-12-23,0.999999
2021-12-27,0.999999
2021-12-28,0.999999
2021-12-29,0.999999
2021-12-30,0.999999
2021-12-31,0.999999
2022-01-03,0.999999
2022-01-04,0.999999
2022-01-05,0.9999955290472354
2022-01-06,0.999998651554701
2022-01-07,0.999999
2022-01-10,0.999999
2022-01-11,0.999999
2022-01-12,0.999999
2022-01-13,0.999999
2022-01-14,0.999999
2022-01-18,0.9999971313880804
2022-01-19,0.9999983757466936
2022-01-20,0.9999988632792393
2022-01-21,0.9999981606989012
2022-01-24,0.999999
2022-01-25,0.999999
2022-01-26,0.999999
2022-01-27,0.999999
2022-01-28,0.999997089182242
2022-01-31,0.9999956272589003
2022-02-01,0.9999941181757543
2022-02-02,0.9999976527867274
2022-02-03,0.9999895661785541
2022-02-04,0.9999766939435787
2022-02-07,0.9999967487878008
2022-02-08,0.9999981953728168
2022-02-09,0.999999
2022-02-10,0.9999760310266644
2022-02-11,0.9999917700004112
2022-02-14,0.999987029514978
2022-02-15,0.9999856853581421
2022-02-16,0.999985767167219
2022-02-17,0.9999873930424793
2022-02-18,0.9999980410738709
2022-02-22,0.999999
2022-02-23,0.999995446116093
2022-02-24,0.9999960018489761
2022-02-25,0.9999959888165378
2022-02-28,0.9999976450693228
2022-03-01,0.999999
2022-03-02,0.999999
2022-03-03,0.999999
2022-03-04,0.999999
2022-03-07,0.9999984192724591
2022-03-08,0.9999988996868011
2022-03-09,0.999999
2022-03-10,0.9999754050904733
2022-03-11,0.9999766299729103
2022-03-14,0.9999775012968308
2022-03-15,0.9999623107091957
2022-03-16,0.9999958395863774
2022-03-17,0.9999968887420015
2022-03-18,0.9999727789499475
2022-03-21,0.9999766835267067
2022-03-22,0.9999721372215806
2022-03-23,0.9999895278277976
2022-03-24,0.9999903276998909
2022-03-25,0.9999930013744999
2022-03-28,0.9999979540276622
2022-03-29,0.9999955080792671
2022-03-30,0.9999976605902748
2022-03-31,0.9999967442761428
2022-04-01,0.9999886245596724
2022-04-04,0.9999763499702207
2022-04-05,0.9998661421016307
2022-04-06,0.9996155062877738
2022-04-07,0.9991693609662122
2022-04-08,0.9974858966424072
2022-04-11,0.9942166026361015
2022-04-12,0.9981039361835193
2022-04-13,0.9974491682474079
2022-04-14,0.995829709236515
2022-04-18,0.9880226404594981
2022-04-19,0.9946859989162846
2022-04-20,0.9932640969237039
2022-04-21,0.9777699371741705
2022-04-22,0.9845783620443109
2022-04-25,0.96317639320017
2022-04-26,0.9812862258706204
2022-04-27,0.9601023646148773
2022-04-28,0.9621752753878298
2022-04-29,0.9781115308631567
2022-05-02,0.9368911514905971
2022-05-03,0.87607614550735
2022-05-04,0.8654108900759591
2022-05-05,0.9499517654488927
2022-05-06,0.554663581759261
2022-05-09,0.7848807467801852
2022-05-10,0.6872620028903899
2022-05-11,0.8646857551681018
2022-05-12,0.924197059397902
2022-05-13,0.886040009116607
2022-05-16,0.9557439517154315
2022-05-17,0.9695599711557621
2022-05-18,0.9759579758540479
2022-05-19,0.9893168912381503
2022-05-20,0.9956644595866362
2022-05-23,0.9996061845178214
2022-05-24,0.9956644504213759
2022-05-25,0.9447313527740274
2022-05-26,0.8916955167735643
2022-05-27,0.8745931441518664
2022-05-31,0.8734918064254688
2022-06-01,0.949067921096943
2022-06-02,0.9441151845768497
2022-06-03,0.9543175174182832
2022-06-06,0.9353182893058681
2022-06-07,0.9876713297035822
2022-06-08,0.966833764237073
2022-06-09,0.9363083403015364
2022-06-10,0.9567297619934965
2022-06-13,0.9958968138660739
2022-06-14,0.9920068038164538
2022-06-15,0.9915652008361011
2022-06-16,0.9920045880707526
2022-06-17,0.9979659739307875
2022-06-21,0.9941111825222715
2022-06-22,0.9947239272726549
2022-06-23,0.9974135082420865
2022-06-24,0.9962743994151283
2022-06-27,0.9887656154619419
2022-06-28,0.9890857398942586
2022-06-29,0.993986294637391
2022-06-30,0.9975457158749547
2022-07-01,0.9981966527263076
2022-07-05,0.9997759052869089
2022-07-06,0.9998133880599879
2022-07-07,0.9999026461281328
2022-07-08,0.9998982130517353
2022-07-11,0.9999029565751587
2022-07-12,0.9999386334487648
2022-07-13,0.9998338145496504
2022-07-14,0.9999484224606646
2022-07-15,0.9994889116713477
2022-07-18,0.9992766630992851
2022-07-19,0.9988203509624154
2022-07-20,0.9990387915232739
2022-07-21,0.9986881207927762
2022-07-22,0.9994101164671128
2022-07-25,0.9988519748118033
2022-07-26,0.9984381007247439
2022-07-27,0.9952642154785112
2022-07-28,0.9964741899416992
2022-07-29,0.9950360497914046
2022-08-01,0.995602995822806
2022-08-02,0.9980263249386214
2022-08-03,0.9945111507267335
2022-08-04,0.9974954676621872
2022-08-05,0.998472270177859
2022-08-08,0.9992462514053915
2022-08-09,0.997846095382293
2022-08-10,0.9574543514514492
2022-08-11,0.9585993259845064
2022-08-12,0.8884625556610802
2022-08-15,0.9318325095574831
2022-08-16,0.9113158576190038
2022-08-17,0.7696601831980691
2022-08-18,0.8388512867072252
2022-08-19,0.6330834179782682
2022-08-22,0.6676965667495249
2022-08-23,0.6574078318489686
2022-08-24,0.9293457869768337
2022-08-25,0.7701422148879286
2022-08-26,0.7348321156369222
2022-08-29,0.7082392459844717
2022-08-30,0.7707055830820496
2022-08-31,0.5578142218259464
2022-09-01,0.8083969550326982
2022-09-02,0.8873290829560118
2022-09-06,0.8163587376587407
2022-09-07,0.7869459788114054
2022-09-08,0.8413296495565986
2022-09-09,0.9382121452595195
2022-09-12,0.9962270278823833
2022-09-13,0.967013349015306
2022-09-14,0.4566029062543671
2022-09-15,0.5317843958384461
2022-09-16,0.632993913715511
2022-09-19,0.7767521613737224
2022-09-20,0.3469850693844327
2022-09-21,0.5224248327578771
2022-09-22,0.5789811262271632
2022-09-23,0.8152482014424742
2022-09-26,0.9223441846098395
2022-09-27,0.8166452743574737
2022-09-28,0.8979380944915607
2022-09-29,0.6182822761521403
2022-09-30,0.6750752045260516
2022-10-03,0.6129127732771159
2022-10-04,0.5008574257483636
2022-10-05,0.6785197039938701
2022-10-06,0.7070330507034679
2022-10-07,0.7176973755978681
2022-10-10,0.5690894308896505
2022-10-11,0.37190372990939385
2022-10-12,0.2698429048400412
2022-10-13,0.20537496167023375
2022-10-14,0.22612334619793412
2022-10-17,0.22024280913670288
2022-10-18,0.21306038187162102
2022-10-19,0.1539697174019013
2022-10-20,0.15373418735238067
2022-10-21,0.2883808732499162
2022-10-24,0.4757650518437478
2022-10-25,0.3277759215249007
2022-10-26,0.27369333484796926
2022-10-27,0.33231346308620335
2022-10-28,0.4598705844336055
2022-10-31,0.3469521398185728
2022-11-01,0.254834602484671
2022-11-02,0.3595178207032214
2022-11-03,0.3173425305527475
2022-11-04,0.6563393740776865
2022-11-07,0.7802968898038851
2022-11-08,0.8267299261547898
2022-11-09,0.7021267200976511
2022-11-10,0.8169992784301173
2022-11-11,0.26062230297117867
2022-11-14,0.20704872618128894
2022-11-15,0.042706564487020926
2022-11-16,0.05108272039173895
2022-11-17,0.09730355649108882
2022-11-18,0.22879623790423972
2022-11-21,0.6644785051367812
2022-11-22,0.6839488119703351
2022-11-23,0.6023552591993936
2022-11-25,0.8569200430867302
2022-11-28,0.16626819810905905
2022-11-29,0.1893047322271568
2022-11-30,0.1817775137941304
2022-12-01,0.19135332516688447
2022-12-02,0.12807251905594258
2022-12-05,0.13013893413842897
2022-12-06,0.20469412217251842
2022-12-07,0.20519346661839863
2022-12-08,0.4744615623726953
2022-12-09,0.8015029058207379
2022-12-12,0.9153234822028923
2022-12-13,0.8925750850264826
2022-12-14,0.9350055996503837
2022-12-15,0.9441349904332191
2022-12-16,0.9387039448045121
2022-12-19,0.9317327875728023
2022-12-20,0.789739704381335
2022-12-21,0.49215613495262023
2022-12-22,0.5044724556156454
2022-12-23,0.7918175312575869
2022-12-27,0.2294251953052624
2022-12-28,0.1612458732231368
2022-12-29,0.09421217002579618
2022-12-30,0.09267306061019763
2023-01-03,0.1832354544422654
2023-01-04,0.24303088754368155
2023-01-05,0.25767028940984854
2023-01-06,0.20692138571290628
2023-01-09,0.2962001475355726
2023-01-10,0.7333578943280397
2023-01-11,0.5066695496141347
2023-01-12,0.5731820558809981
2023-01-13,0.8603543340693615
2023-01-17,0.9729402724161249
2023-01-18,0.9810427845326878
2023-01-19,0.9824724205815976
2023-01-20,0.9957809535802605
2023-01-23,0.9993133500553344
2023-01-24,0.9999853845612109
2023-01-25,0.999999
2023-01-26,0.999999
2023-01-27,0.9999987821494115
2023-01-30,0.9999988748569196
2023-01-31,0.9999969711859247
2023-02-01,0.9999923407724609
2023-02-02,0.9999951139163769
2023-02-03,0.9999955928332259
2023-02-06,0.9999974483312091
2023-02-07,0.9999964913365825
2023-02-08,0.999998616545671
2023-02-09,0.9999940390718345
2023-02-10,0.9999793211792626
2023-02-13,0.9999930735307698
2023-02-14,0.999999
2023-02-15,0.999999
2023-02-16,0.9999977228411926
2023-02-17,0.9999987289719329
2023-02-21,0.9999795757991805
2023-02-22,0.9999625510729707
2023-02-23,0.9998297420574188
2023-02-24,0.9998019913548954
2023-02-27,0.9996618385227071
2023-02-28,0.9999924691061916
2023-03-01,0.9999839098873379
2023-03-02,0.9999795189457099
2023-03-03,0.9999823744226736
2023-03-06,0.999999
2023-03-07,0.9999979874118003
2023-03-08,0.9999937442837901
2023-03-09,0.9999726619876287
2023-03-10,0.9999871168221598
2023-03-13,0.9999873689553442
2023-03-14,0.999989581206569
2023-03-15,0.9999969662716819
2023-03-16,0.9999965812860817
2023-03-17,0.9999980061677415
2023-03-20,0.9999969979794845
2023-03-21,0.9999315792226088
2023-03-22,0.9999886397781386
2023-03-23,0.9999932353518988
2023-03-24,0.9999944953769764
2023-03-27,0.9999960419300198
2023-03-28,0.9999959370538817
2023-03-29,0.9999836819271097
2023-03-30,0.9999837530657164
2023-03-31,0.9999473112374878
2023-04-03,0.999936949174412
2023-04-04,0.9999412667828796
2023-04-05,0.9999731363695263
2023-04-06,0.9999881725181081
2023-04-10,0.9999938022317556
2023-04-11,0.999999
2023-04-12,0.999998051230217
2023-04-13,0.9999961440013063
2023-04-14,0.9999986070145541
2023-04-17,0.999990846298489
2023-04-18,0.999999
2023-04-19,0.9999965663311354
2023-04-20,0.999999
2023-04-21,0.999999
2023-04-24,0.999999
2023-04-25,0.999999
2023-04-26,0.999999
2023-04-27,0.999999
2023-04-28,0.999999
2023-05-01,0.9999970526016674
2023-05-02,0.9999967080943009
2023-05-03,0.9999977481901625
2023-05-04,0.9999977658998694
2023-05-05,0.9999985430073944
2023-05-08,0.9999986790366914
2023-05-09,0.999999
2023-05-10,0.9999988781077173
2023-05-11,0.999999
2023-05-12,0.999999
2023-05-15,0.999999
2023-05-16,0.9999948953550196
2023-05-17,0.9999988257916718
2023-05-18,0.999999
2023-05-19,0.999999
2023-05-22,0.999999
2023-05-23,0.999999
2023-05-24,0.9999981820896596
2023-05-25,0.999999
2023-05-26,0.999999
2023-05-30,0.9999987909765342
2023-05-31,0.999999
2023-06-01,0.999999
2023-06-02,0.9999979874642877
2023-06-05,0.999999
2023-06-06,0.999999
2023-06-07,0.9999874099772817
2023-06-08,0.9999817812458592
2023-06-09,0.9999961764552773
2023-06-12,0.9999965007797328
2023-06-13,0.999999
2023-06-14,0.999999
2023-06-15,0.9999981489598702
2023-06-16,0.999999
2023-06-20,0.999999
2023-06-21,0.999999
2023-06-22,0.999999
2023-06-23,0.999999
2023-06-26,0.9999962946359536
2023-06-27,0.9999980768172987
2023-06-28,0.9999982019793973
2023-06-29,0.9999989976498205
2023-06-30,0.999999
2023-07-03,0.999999
2023-07-05,0.999999
2023-07-06,0.9999979120345797
2023-07-07,0.999999
2023-07-10,0.999999
2023-07-11,0.999999
2023-07-12,0.9999989591022403
2023-07-13,0.999999
2023-07-14,0.999991337702432
2023-07-17,0.9999988538324965
2023-07-18,0.999999
2023-07-19,0.999999
2023-07-20,0.999999
2023-07-21,0.999999
2023-07-24,0.999999
2023-07-25,0.999999
2023-07-26,0.999999
2023-07-27,0.9999975945568694
2023-07-28,0.9999925091315098
2023-07-31,0.999999
2023-08-01,0.9999984138798554
2023-08-02,0.9999979823445182
2023-08-03,0.999999
2023-08-04,0.999997626492611
2023-08-07,0.999999
2023-08-08,0.999999
2023-08-09,0.999999
2023-08-10,0.999999
2023-08-11,0.999999
2023-08-14,0.999999
2023-08-15,0.999999
2023-08-16,0.999999
2023-08-17,0.999999
2023-08-18,0.999999
2023-08-21,0.999999
2023-08-22,0.999999
2023-08-23,0.9999985918434331
2023-08-24,0.9999987953495529
2023-08-25,0.999999
2023-08-28,0.999999
2023-08-29,0.999999
2023-08-30,0.999999
2023-08-31,0.999999
2023-09-01,0.999999
2023-09-05,0.999999
2023-09-06,0.999999
2023-09-07,0.999999
2023-09-08,0.999999
2023-09-11,0.999999
2023-09-12,0.999999
2023-09-13,0.999999
2023-09-14,0.999999
2023-09-15,0.999999
2023-09-18,0.999999
2023-09-19,0.999999
2023-09-20,0.999999
2023-09-21,0.9999983704985006
2023-09-22,0.9999974285118268
2023-09-25,0.999999
2023-09-26,0.999999
2023-09-27,0.999999
2023-09-28,0.999999
2023-09-29,0.999999
2023-10-02,0.9999988895963481
2023-10-03,0.999996374617286
2023-10-04,0.9999966760827719
2023-10-05,0.9999974576020193
2023-10-06,0.999999
2023-10-09,0.9999985980293493
2023-10-10,0.999999
2023-10-11,0.999999
2023-10-12,0.999999
2023-10-13,0.999999
2023-10-16,0.999999
2023-10-17,0.999999
2023-10-18,0.9999946729845336
2023-10-19,0.9999937608900361
2023-10-20,0.9999959255438783
2023-10-23,0.9999853987767862
2023-10-24,0.9999882149653485
2023-10-25,0.9999858912601892
2023-10-26,0.999969552901447
2023-10-27,0.999976204463376
2023-10-30,0.9999839579330682
2023-10-31,0.9999921097107011
2023-11-01,0.9999521949184779
2023-11-02,0.9999050787525477
2023-11-03,0.9998911322320175
2023-11-06,0.9998995023431728
2023-11-07,0.999897402503426
2023-11-08,0.9999541173116155
2023-11-09,0.9999624218084063
2023-11-10,0.9999575608153278
2023-11-13,0.9999902280237427
2023-11-14,0.9998944915707866
2023-11-15,0.9999168566703935
2023-11-16,0.9999423208738363
2023-11-17,0.9999615390348902
2023-11-20,0.9999825448289454
2023-11-21,0.9999981308155326
2023-11-22,0.999999
2023-11-24,0.999999
2023-11-27,0.999999
2023-11-28,0.999999
2023-11-29,0.9999984440715155
2023-11-30,0.999999
2023-12-01,0.9999968482717914
2023-12-04,0.9999970670240385
2023-12-05,0.999999
2023-12-06,0.999999
2023-12-07,0.999999
2023-12-08,0.999999
2023-12-11,0.999999
2023-12-12,0.9999979700965824
2023-12-13,0.9999765563561461
2023-12-14,0.9999757987442631
2023-12-15,0.999980490244055
2023-12-18,0.9999954135032985
2023-12-19,0.999999
2023-12-20,0.999999
2023-12-21,0.999999
2023-12-22,0.999999
2023-12-26,0.999999
2023-12-27,0.999999
2023-12-28,0.999999
2023-12-29,0.999999
2024-01-02,0.999992777204568
2024-01-03,0.9999710882862864
2024-01-04,0.999992855528099
2024-01-05,0.999999
2024-01-08,0.999998018673908
2024-01-09,0.99999693616744
2024-01-10,0.999999
2024-01-11,0.9999988016777599
2024-01-12,0.999999
2024-01-16,0.999999
2024-01-17,0.999999
2024-01-18,0.999999
2024-01-19,0.999999
2024-01-22,0.999999
2024-01-23,0.999999
2024-01-24,0.999999
2024-01-25,0.999997322422023
2024-01-26,0.999999
2024-01-29,0.999999
2024-01-30,0.999999
2024-01-31,0.999999
2024-02-01,0.999999
2024-02-02,0.999999
2024-02-05,0.999998830749262
2024-02-06,0.9999985958710167
2024-02-07,0.999999
2024-02-08,0.999999
2024-02-09,0.999999
2024-02-12,0.999999
2024-02-13,0.9999982882209083
2024-02-14,0.999999
2024-02-15,0.999999
2024-02-16,0.999999
2024-02-20,0.999999
2024-02-21,0.999999
2024-02-22,0.999999
2024-02-23,0.999999
2024-02-26,0.999999
2024-02-27,0.999999
2024-02-28,0.9999987415426342
2024-02-29,0.999999
2024-03-01,0.999999
2024-03-04,0.999999
2024-03-05,0.999999
2024-03-06,0.999999
2024-03-07,0.999999
2024-03-08,0.999999
2024-03-11,0.999999
2024-03-12,0.999999
2024-03-13,0.999999
2024-03-14,0.999999
2024-03-15,0.999999
2024-03-18,0.999999
2024-03-19,0.999999
2024-03-20,0.999999
2024-03-21,0.999999
2024-03-22,0.999999
2024-03-25,0.999999
2024-03-26,0.999999
2024-03-27,0.999997634130471
2024-03-28,0.999999
2024-04-01,0.9999987154599088
2024-04-02,0.999999
2024-04-03,0.999999
2024-04-04,0.999999
2024-04-05,0.999999
2024-04-08,0.999999
2024-04-09,0.999999
2024-04-10,0.9999892663736097
2024-04-11,0.9999875398805056
2024-04-12,0.9999904432737775
2024-04-15,0.9999646689570362
2024-04-16,0.9999626960246516
2024-04-17,0.9999849610571946
2024-04-18,0.9999987943363414
2024-04-19,0.999999
2024-04-22,0.999998841743992
2024-04-23,0.999999
2024-04-24,0.999999
2024-04-25,0.999999
2024-04-26,0.999999
2024-04-29,0.999999
2024-04-30,0.999999
2024-05-01,0.999999
2024-05-02,0.9999987478843838
2024-05-03,0.999999
2024-05-06,0.999999
2024-05-07,0.999999
2024-05-08,0.999999
2024-05-09,0.999999
2024-05-10,0.999999
2024-05-13,0.999999
2024-05-14,0.999999
2024-05-15,0.999999
2024-05-16,0.999999
2024-05-17,0.999999
2024-05-20,0.999999
2024-05-21,0.999999
2024-05-22,0.999999
2024-05-23,0.999999
2024-05-24,0.999999
2024-05-28,0.999999
2024-05-29,0.999999
2024-05-30,0.9999981985204017
2024-05-31,0.9999978167329091
2024-06-03,0.9999987509539237
2024-06-04,0.999999
2024-06-05,0.999999
2024-06-06,0.999999
2024-06-07,0.999999
2024-06-10,0.999999
2024-06-11,0.999999
2024-06-12,0.999999
2024-06-13,0.999999
2024-06-14,0.999999
2024-06-17,0.999999
2024-06-18,0.999999
2024-06-20,0.999999
2024-06-21,0.999999
2024-06-24,0.999999
2024-06-25,0.999999
2024-06-26,0.999999
2024-06-27,0.999999
2024-06-28,0.999999
2024-07-01,0.999999
2024-07-02,0.999999
2024-07-03,0.999999
2024-07-05,0.999999
2024-07-08,0.999999
2024-07-09,0.999999
2024-07-10,0.999999
2024-07-11,0.9999947416544877
2024-07-12,0.9999979025035134
2024-07-15,0.999999
2024-07-16,0.999999
2024-07-17,0.9999982580018686
2024-07-18,0.999999
2024-07-19,0.999999
2024-07-22,0.999999
2024-07-23,0.999999
2024-07-24,0.999998007209173
2024-07-25,0.999999
2024-07-26,0.999999
2024-07-29,0.999999
2024-07-30,0.999999
2024-07-31,0.9999974232514591
2024-08-01,0.999997235493951
2024-08-02,0.9999986677270783
2024-08-05,0.9999982701895904
2024-08-06,0.9999988902754442
2024-08-07,0.999999
2024-08-08,0.9999986304769768
2024-08-09,0.999999
2024-08-12,0.999999
2024-08-13,0.9999985726513422
2024-08-14,0.999999
2024-08-15,0.999999
2024-08-16,0.999999
2024-08-19,0.999999
2024-08-20,0.999999
2024-08-21,0.999999
2024-08-22,0.999999
2024-08-23,0.999999
2024-08-26,0.999999
2024-08-27,0.999999
2024-08-28,0.999999
2024-08-29,0.999999
2024-08-30,0.999999
2024-09-03,0.9999987520017933
2024-09-04,0.999999
2024-09-05,0.999999
2024-09-06,0.9999988403557561
2024-09-09,0.999999
2024-09-10,0.9999988712212184
2024-09-11,0.999999
2024-09-12,0.999999
2024-09-13,0.999999
2024-09-16,0.999999
2024-09-17,0.999999
2024-09-18,0.999999
2024-09-19,0.999999
2024-09-20,0.999999
2024-09-23,0.999999
2024-09-24,0.9999987904495928
2024-09-25,0.999999
2024-09-26,0.9999964069144427
2024-09-27,0.9999972776139423
2024-09-30,0.999999
2024-10-01,0.999999
2024-10-02,0.999999
2024-10-03,0.999999
2024-10-04,0.999999
2024-10-07,0.999999
2024-10-08,0.999998901108942
2024-10-09,0.999999
2024-10-10,0.999999
2024-10-11,0.999999
2024-10-14,0.999999
2024-10-15,0.9999982830922493
2024-10-16,0.999999
2024-10-17,0.999999
2024-10-18,0.999999
2024-10-21,0.9999985392169068
2024-10-22,0.999999
2024-10-23,0.9999988082470469
2024-10-24,0.999999
2024-10-25,0.999999
2024-10-28,0.999999
2024-10-29,0.999999
2024-10-30,0.999999
2024-10-31,0.9999988336828123
2024-11-01,0.999999
2024-11-04,0.999999
2024-11-05,0.999999
2024-11-06,0.9999986151182035
2024-11-07,0.999975678941314
2024-11-08,0.9999876988977887
2024-11-11,0.9999919480145625
2024-11-12,0.9999937094656576
2024-11-13,0.9999971340856931
2024-11-14,0.999999
2024-11-15,0.999999
2024-11-18,0.999999
2024-11-19,0.999999
2024-11-20,0.999999
2024-11-21,0.999999
2024-11-22,0.999999
2024-11-25,0.9999984931609917
2024-11-26,0.999999
2024-11-27,0.999999
2024-11-29,0.999999
2024-12-02,0.999999
2024-12-03,0.999999
2024-12-04,0.999999
2024-12-05,0.999999
2024-12-06,0.999999
2024-12-09,0.999999
2024-12-10,0.999999
2024-12-11,0.999999
2024-12-12,0.999999
2024-12-13,0.999999
2024-12-16,0.999999
2024-12-17,0.999999
2024-12-18,0.9999891112129478
2024-12-19,0.9999891285604408
2024-12-20,0.9999914521754351
2024-12-23,0.9999981234848373
2024-12-24,0.999999
2024-12-26,0.999999
2024-12-27,0.999999
2024-12-30,0.999999
2024-12-31,0.999999
2025-01-02,0.999999
2025-01-03,0.999999
2025-01-06,0.999999
2025-01-07,0.999999
2025-01-08,0.999999
2025-01-10,0.9999966122947692
2025-01-13,0.9999962778409073
2025-01-14,0.999999
2025-01-15,0.9999965787943494
2025-01-16,0.9999948173343557
2025-01-17,0.9999978880188245
2025-01-21,0.9999988771339149
2025-01-22,0.9999983245807242
2025-01-23,0.999999
2025-01-24,0.999999
2025-01-27,0.9999968686970089
2025-01-28,0.9999949058442865
2025-01-29,0.999997546027119
2025-01-30,0.999999
2025-01-31,0.999999
2025-02-03,0.999999
2025-02-04,0.999999
2025-02-05,0.999999
2025-02-06,0.999999
2025-02-07,0.999999
2025-02-10,0.999999
2025-02-11,0.999999
2025-02-12,0.999999
2025-02-13,0.999999
2025-02-14,0.999999
2025-02-18,0.999999
2025-02-19,0.999999
2025-02-20,0.999999
2025-02-21,0.999999
2025-02-24,0.999999
2025-02-25,0.999999
2025-02-26,0.999999
2025-02-27,0.9999968406396125
2025-02-28,0.9999968924237116
2025-03-03,0.9999978946627526
2025-03-04,0.9999984218135485
2025-03-05,0.9999986304126117
2025-03-06,0.9999985659258954
2025-03-07,0.999999
2025-03-10,0.9999989178802594
2025-03-11,0.9999976662411517
2025-03-12,0.999999
2025-03-13,0.9999979384345988
2025-03-14,0.999999
2025-03-17,0.999999
2025-03-18,0.999999
2025-03-19,0.9999984675384607
2025-03-20,0.999999
2025-03-21,0.999999
2025-03-24,0.999999
2025-03-25,0.999999
2025-03-26,0.9999989752905638
2025-03-27,0.999999
2025-03-28,0.9999989614413217
2025-03-31,0.999999
2025-04-01,0.999999
2025-04-02,0.999999
2025-04-03,0.9999977309669585
2025-04-04,0.999999
2025-04-07,0.999998203430033
2025-04-08,0.999995582080402
2025-04-09,0.999999
2025-04-10,0.999999
2025-04-11,0.999997539180578
2025-04-14,0.9999973749417714
2025-04-15,0.9999971993306953
2025-04-16,0.9999973672313806
2025-04-17,0.9999976273477307
2025-04-21,0.9999977815334304
2025-04-22,0.9999952436956916
2025-04-23,0.9999939761933628
2025-04-24,0.999978597294876
2025-04-25,0.9999685567038643
2025-04-28,0.9999908890705593
2025-04-29,0.9999980490676298
2025-04-30,0.9999925049095673
2025-05-01,0.9999979448121453
2025-05-02,0.9999988966061115
2025-05-05,0.999999
2025-05-06,0.999999
2025-05-07,0.999999
2025-05-08,0.999999
2025-05-09,0.999999
2025-05-12,0.9999964748091569
2025-05-13,0.9999843605372702
2025-05-14,0.9999843930351964
2025-05-15,0.9999862852483999
2025-05-16,0.9999941330655524
2025-05-19,0.999999
2025-05-20,0.999999
2025-05-21,0.9999939415884297
2025-05-22,0.9999927837336721
2025-05-23,0.9999978114518808
2025-05-27,0.9999955269450201
2025-05-28,0.9999981326747344
2025-05-29,0.999999
2025-05-30,0.999999
2025-06-02,0.999999
2025-06-03,0.999999
2025-06-04,0.999999
2025-06-05,0.999999
2025-06-06,0.999999
2025-06-09,0.999999
2025-06-10,0.999999
2025-06-11,0.999999
2025-06-12,0.999999
2025-06-13,0.9999969202916172
2025-06-16,0.9999979038674813
2025-06-17,0.999999
2025-06-18,0.999999
2025-06-20,0.999999
2025-06-23,0.9999977575944967
2025-06-24,0.9999981324613716
2025-06-25,0.9999963283906956
2025-06-26,0.9999970261814068
2025-06-27,0.999999
2025-06-30,0.999999
2025-07-01,0.999999
2025-07-02,0.999999
2025-07-03,0.999999
2025-07-07,0.999999
2025-07-08,0.999999
2025-07-09,0.999999
2025-07-10,0.999999
2025-07-11,0.999999
2025-07-14,0.999999
2025-07-15,0.999999
2025-07-16,0.999999
2025-07-17,0.999999
2025-07-18,0.999999
2025-07-21,0.999999
2025-07-22,0.999999
2025-07-23,0.999999
2025-07-24,0.999999
2025-07-25,0.999999
2025-07-28,0.999999
2025-07-29,0.999999
2025-07-30,0.999999
2025-07-31,0.999999
2025-08-01,0.999999
2025-08-04,0.999999
2025-08-05,0.999999
2025-08-06,0.999999
2025-08-07,0.999999
2025-08-08,0.999999
2025-08-11,0.999999
2025-08-12,0.999999
2025-08-13,0.999999
2025-08-14,0.999999
2025-08-15,0.999999
2025-08-18,0.999999
2025-08-19,0.9999981042630222
2025-08-20,0.999999
2025-08-21,0.999999
2025-08-22,0.999998608931133
2025-08-25,0.999999
2025-08-26,0.999999
2025-08-27,0.999999
2025-08-28,0.999999
2025-08-29,0.999999
2025-09-02,0.9999986305927936
2025-09-03,0.999999
2025-09-04,0.999999
2025-09-05,0.999999
2025-09-08,0.999999
2025-09-09,0.999999
2025-09-10,0.999999
2025-09-11,0.999999
2025-09-12,0.999999
2025-09-15,0.999999
2025-09-16,0.999999
2025-09-17,0.999999
2025-09-18,0.999999
2025-09-19,0.999999
2025-09-22,0.999999
2025-09-23,0.999999
2025-09-24,0.999999
2025-09-25,0.999999
2025-09-26,0.999999
2025-09-29,0.999999
2025-09-30,0.999999
2025-10-01,0.999999
2025-10-02,0.999999
2025-10-03,0.999999
2025-10-06,0.999999
2025-10-07,0.999999
2025-10-08,0.999999
2025-10-09,0.999999
2025-10-10,0.9999964325976948
2025-10-13,0.9999949967778782
2025-10-14,0.9999955526516063
2025-10-15,0.9999972585742304
2025-10-16,0.999998252410529
2025-10-17,0.999999
2025-10-20,0.999999
2025-10-21,0.9999984191312117
2025-10-22,0.9999985679161661
2025-10-23,0.999999
2025-10-24,0.999999
2025-10-27,0.999999
2025-10-28,0.9999977528664147
2025-10-29,0.9999907542793766
2025-10-30,0.9999692417985364
2025-10-31,0.999933038480684
2025-11-03,0.9999785862211764
2025-11-04,0.999979337850233
2025-11-05,0.9999983997030896
2025-11-06,0.999999
2025-11-07,0.9999986245276901
2025-11-10,0.9999988731827602
2025-11-11,0.999999
2025-11-12,0.999999
2025-11-13,0.999999
2025-11-14,0.999999
2025-11-17,0.999999
2025-11-18,0.999999
2025-11-19,0.999999
2025-11-20,0.999999
2025-11-21,0.999999
2025-11-24,0.999999
2025-11-25,0.999999
2025-11-26,0.999999
2025-11-28,0.999999
2025-12-01,0.999999
2025-12-02,0.999999
2025-12-03,0.999999
2025-12-04,0.999999
2025-12-05,0.999999
2025-12-08,0.999999
2025-12-09,0.999999
2025-12-10,0.999999
2025-12-11,0.999999
2025-12-12,0.9999983311951468
2025-12-15,0.999999
2025-12-16,0.999999
2025-12-17,0.999999
2025-12-18,0.999999
2025-12-19,0.999999
2025-12-22,0.999999
2025-12-23,0.999999
2025-12-24,0.999999
2025-12-26,0.999999
2025-12-29,0.9999989303884579
2025-12-30,0.999999
2025-12-31,0.999999
2026-01-02,0.999999
2026-01-05,0.999999
2026-01-06,0.999999
2026-01-07,0.999999
2026-01-08,0.999999
2026-01-09,0.999999
2026-01-12,0.999999
2026-01-13,0.999999
2026-01-14,0.999999
2026-01-15,0.999999
2026-01-16,0.999999
2026-01-20,0.9999968495450977
2026-01-21,0.9999930639528538
2026-01-22,0.9999927650803572
2026-01-23,0.9999989378378626
2026-01-26,0.999999
2026-01-27,0.999999
2026-01-28,0.999998791082678
2026-01-29,0.9999987869610407
2026-01-30,0.999999
2026-02-02,0.9999985143720114
2026-02-03,0.999999
2026-02-04,0.99999805644666
2026-02-05,0.9999982029084599
2026-02-06,0.9999976737567133
2026-02-09,0.9999988164652281
2026-02-10,0.999999
2026-02-11,0.999999
2026-02-12,0.9999987824494384
2026-02-13,0.999999
2026-02-17,0.999999
2026-02-18,0.9999985608728615
2026-02-19,0.999999
2026-02-20,0.999999
2026-02-23,0.999999
2026-02-24,0.999999
2026-02-25,0.999999
2026-02-26,0.999999
2026-02-27,0.999999
2026-03-02,0.9999985451462713
2026-03-03,0.999999
2026-03-04,0.999999
2026-03-05,0.999999
2026-03-06,0.999999
2026-03-09,0.9999978255329475
2026-03-10,0.9999960518877281
2026-03-11,0.9999946756172534
2026-03-12,0.9999967128927352
2026-03-13,0.9999956692510987
2026-03-16,0.9999948335765415
2026-03-17,0.999987840342218
2026-03-18,0.9999895115932873
2026-03-19,0.9999792405393919
2026-03-20,0.9999818786497661
2026-03-23,0.9999917029677051
2026-03-24,0.9999927048158048
2026-03-25,0.9999935804103427
2026-03-26,0.9999950102298442
2026-03-27,0.9999972978402434
2026-03-30,0.9999978495810229
2026-03-31,0.9999971877605006
2026-04-01,0.999997141671399
2026-04-02,0.9999981920250111
2026-04-06,0.999999
2026-04-07,0.999999
2026-04-08,0.9999940449281758
2026-04-09,0.9999957262216176
2026-04-10,0.9999976085573528
2026-04-13,0.9999988678471062
2026-04-14,0.999999
2026-04-15,0.999999
2026-04-16,0.999999
2026-04-17,0.9999977755448635
2026-04-20,0.9999984765394333
2026-04-21,0.9999989857356437
2026-04-22,0.9999984091699395
2026-04-23,0.9999983502352449
2026-04-24,0.9999977973552738
2026-04-27,0.999999
2026-04-28,0.999999
2026-04-29,0.9999989845808727
2026-04-30,0.999999
2026-05-01,0.999999
2026-05-04,0.999999
2026-05-05,0.999999
2026-05-06,0.9999976872109959
2026-05-07,0.9999977019079468
2026-05-08,0.9999985017359151
2026-05-11,0.999999
2026-05-12,0.9999978606173714
2026-05-13,0.9999973556052042
2026-05-14,0.9999979085312276
2026-05-15,0.9999973084343267
2026-05-18,0.9999968520472626
2026-05-19,0.9999974145817883
2026-05-20,0.9999967219085925
2026-05-21,0.9999985825428354
2026-05-22,0.999999
2026-05-26,0.9999969572699657
2026-05-27,0.9999979251634761
2026-05-28,0.999999
2026-05-29,0.999999
2026-06-01,0.9999967658684878
2026-06-02,0.999999
2026-06-03,0.999999
2026-06-04,0.9999987531958159
2026-06-05,0.9999942401644557
2026-06-08,0.9999560575703277
2026-06-09,0.9999236990114029
2026-06-10,0.9999403660679981
2026-06-11,0.9999563687914431
2026-06-12,0.9999638554666004
2026-06-15,0.9999370510190444
2026-06-16,0.9999272559642853
2026-06-17,0.999925880763337
2026-06-18,0.9999062829784979
2026-06-22,0.9998835928038745
2026-06-23,0.9998644690863399
2026-06-24,0.9999263003831128
2026-06-25,0.9999655212687801
2026-06-26,0.9999333564818361
2026-06-29,0.9999108188473206
2026-06-30,0.999857978241523
2026-07-01,0.9998462158767116
2026-07-02,0.9998709888518216
2026-07-06,0.9998685891773977
2026-07-07,0.9998514394924058
2026-07-08,0.9999122920152165
2026-07-09,0.9999090149546611
2026-07-10,0.9999907684616784
2026-07-13,0.9999685897605277
2026-07-14,0.9999715270558992
2026-07-15,0.9999958956345949
2026-07-16,0.99996386723365
2026-07-17,0.9999768920028537
2026-07-20,0.9999937593815214
2026-07-21,0.9999886260519163
2026-07-22,0.9999984391441925
2026-07-23,0.9999984751183606
2026-07-24,0.9999948543062177
2026-07-27,0.9999981515824186
2026-07-28,0.9999980751488329
2026-07-29,0.9999988307270756
2026-07-30,0.9999986577611965
2026-07-31,0.9999988203543013
2026-08-03,0.9999989849397822
2026-08-04,0.999999
2026-08-05,0.999999
2026-08-06,0.999999
2026-08-07,0.999999
2026-08-10,0.9999978896599988
2026-08-11,0.999999
2026-08-12,0.999999
2026-08-13,0.999999
2026-08-14,0.999999
2026-08-17,0.999999
2026-08-18,0.999999
2026-08-19,0.999999
2026-08-20,0.999999
2026-08-21,0.999999
2026-08-24,0.999999
2026-08-25,0.999999
2026-08-26,0.999999
2026-08-27,0.999999
2026-08-28,0.999999
2026-08-31,0.999999
2026-09-01,0.9999985937303256
2026-09-02,0.999998961922274
2026-09-03,0.999999
2026-09-04,0.999999
2026-09-08,0.999999
2026-09-09,0.999999
2026-09-10,0.9999981198297893
2026-09-11,0.9999986457997343
2026-09-14,0.9999986560379718
2026-09-15,0.999999
2026-09-16,0.999999
2026-09-17,0.999999
2026-09-18,0.999999
2026-09-21,0.9999973436454629
