config,sharpe,variance_scenario,variance_value,k_scenario,k_value,dsr_l,dsr_ls_gaussian,dsr_ls_gumbel
erc_baseline,0.7975,pooled_deduped_all_trials,0.0329,literal_logged_trials,7,0.9317,1.0,0.9989
erc_baseline,0.7975,pooled_deduped_all_trials,0.0329,deduped_candidate_count,9,0.9225,1.0,0.9989
erc_baseline,0.7975,pooled_deduped_all_trials,0.0329,coherent_search_families,3,0.9601,1.0,0.9987
erc_baseline,0.7975,pooled_including_redundant_rows,0.0294,literal_logged_trials,7,0.9365,1.0,0.9994
erc_baseline,0.7975,pooled_including_redundant_rows,0.0294,deduped_candidate_count,9,0.9283,1.0,0.9994
erc_baseline,0.7975,pooled_including_redundant_rows,0.0294,coherent_search_families,3,0.9621,1.0,0.9992
erc_baseline,0.7975,pooled_clean_sample_only,0.0364,literal_logged_trials,7,0.9268,1.0,0.9983
erc_baseline,0.7975,pooled_clean_sample_only,0.0364,deduped_candidate_count,9,0.9166,1.0,0.9983
erc_baseline,0.7975,pooled_clean_sample_only,0.0364,coherent_search_families,3,0.9582,1.0,0.9981
erc_baseline,0.7975,family_ad_hoc_pre_calendar_blend,0.039,literal_logged_trials,7,0.9232,1.0,0.9977
erc_baseline,0.7975,family_ad_hoc_pre_calendar_blend,0.039,deduped_candidate_count,9,0.9123,1.0,0.9977
erc_baseline,0.7975,family_ad_hoc_pre_calendar_blend,0.039,coherent_search_families,3,0.9568,1.0,0.9976
erc_baseline,0.7975,family_clean_validation_only_2015_2018,0.0002,literal_logged_trials,7,0.9833,1.0,1.0
erc_baseline,0.7975,family_clean_validation_only_2015_2018,0.0002,deduped_candidate_count,9,0.9831,1.0,1.0
erc_baseline,0.7975,family_clean_validation_only_2015_2018,0.0002,coherent_search_families,3,0.984,1.0,1.0
erc_baseline,0.7975,family_clean_final_test_prespecified_secondary_check,0.0116,literal_logged_trials,7,0.9614,1.0,1.0
erc_baseline,0.7975,family_clean_final_test_prespecified_secondary_check,0.0116,deduped_candidate_count,9,0.958,1.0,1.0
erc_baseline,0.7975,family_clean_final_test_prespecified_secondary_check,0.0116,coherent_search_families,3,0.9728,1.0,1.0
erc_baseline,0.7975,conventional_unit_variance,1.0,literal_logged_trials,7,0.0541,0.1878,0.1739
erc_baseline,0.7975,conventional_unit_variance,1.0,deduped_candidate_count,9,0.0243,0.125,0.0859
erc_baseline,0.7975,conventional_unit_variance,1.0,coherent_search_families,3,0.4401,0.474,0.5431
erc_regime,0.804,pooled_deduped_all_trials,0.0329,literal_logged_trials,7,0.9343,1.0,0.999
erc_regime,0.804,pooled_deduped_all_trials,0.0329,deduped_candidate_count,9,0.9253,1.0,0.999
erc_regime,0.804,pooled_deduped_all_trials,0.0329,coherent_search_families,3,0.9618,1.0,0.9988
erc_regime,0.804,pooled_including_redundant_rows,0.0294,literal_logged_trials,7,0.939,1.0,0.9994
erc_regime,0.804,pooled_including_redundant_rows,0.0294,deduped_candidate_count,9,0.931,1.0,0.9994
erc_regime,0.804,pooled_including_redundant_rows,0.0294,coherent_search_families,3,0.9637,1.0,0.9992
erc_regime,0.804,pooled_clean_sample_only,0.0364,literal_logged_trials,7,0.9295,1.0,0.9984
erc_regime,0.804,pooled_clean_sample_only,0.0364,deduped_candidate_count,9,0.9196,1.0,0.9984
erc_regime,0.804,pooled_clean_sample_only,0.0364,coherent_search_families,3,0.96,1.0,0.9983
erc_regime,0.804,family_ad_hoc_pre_calendar_blend,0.039,literal_logged_trials,7,0.9261,1.0,0.9979
erc_regime,0.804,family_ad_hoc_pre_calendar_blend,0.039,deduped_candidate_count,9,0.9154,1.0,0.9978
erc_regime,0.804,family_ad_hoc_pre_calendar_blend,0.039,coherent_search_families,3,0.9586,1.0,0.9978
erc_regime,0.804,family_clean_validation_only_2015_2018,0.0002,literal_logged_trials,7,0.9841,1.0,1.0
erc_regime,0.804,family_clean_validation_only_2015_2018,0.0002,deduped_candidate_count,9,0.984,1.0,1.0
erc_regime,0.804,family_clean_validation_only_2015_2018,0.0002,coherent_search_families,3,0.9848,1.0,1.0
erc_regime,0.804,family_clean_final_test_prespecified_secondary_check,0.0116,literal_logged_trials,7,0.9631,1.0,1.0
erc_regime,0.804,family_clean_final_test_prespecified_secondary_check,0.0116,deduped_candidate_count,9,0.9598,1.0,1.0
erc_regime,0.804,family_clean_final_test_prespecified_secondary_check,0.0116,coherent_search_families,3,0.9741,1.0,1.0
erc_regime,0.804,conventional_unit_variance,1.0,literal_logged_trials,7,0.0558,0.1906,0.178
erc_regime,0.804,conventional_unit_variance,1.0,deduped_candidate_count,9,0.0252,0.1273,0.0889
erc_regime,0.804,conventional_unit_variance,1.0,coherent_search_families,3,0.447,0.4775,0.5468
erc_blend,0.8074,pooled_deduped_all_trials,0.0329,literal_logged_trials,7,0.9354,1.0,0.999
erc_blend,0.8074,pooled_deduped_all_trials,0.0329,deduped_candidate_count,9,0.9266,1.0,0.999
erc_blend,0.8074,pooled_deduped_all_trials,0.0329,coherent_search_families,3,0.9626,1.0,0.9988
erc_blend,0.8074,pooled_including_redundant_rows,0.0294,literal_logged_trials,7,0.94,1.0,0.9994
erc_blend,0.8074,pooled_including_redundant_rows,0.0294,deduped_candidate_count,9,0.9322,1.0,0.9994
erc_blend,0.8074,pooled_including_redundant_rows,0.0294,coherent_search_families,3,0.9645,1.0,0.9993
erc_blend,0.8074,pooled_clean_sample_only,0.0364,literal_logged_trials,7,0.9307,1.0,0.9985
erc_blend,0.8074,pooled_clean_sample_only,0.0364,deduped_candidate_count,9,0.9209,1.0,0.9984
erc_blend,0.8074,pooled_clean_sample_only,0.0364,coherent_search_families,3,0.9607,1.0,0.9983
erc_blend,0.8074,family_ad_hoc_pre_calendar_blend,0.039,literal_logged_trials,7,0.9273,1.0,0.9979
erc_blend,0.8074,family_ad_hoc_pre_calendar_blend,0.039,deduped_candidate_count,9,0.9168,1.0,0.9979
erc_blend,0.8074,family_ad_hoc_pre_calendar_blend,0.039,coherent_search_families,3,0.9594,1.0,0.9978
erc_blend,0.8074,family_clean_validation_only_2015_2018,0.0002,literal_logged_trials,7,0.9845,1.0,1.0
erc_blend,0.8074,family_clean_validation_only_2015_2018,0.0002,deduped_candidate_count,9,0.9843,1.0,1.0
erc_blend,0.8074,family_clean_validation_only_2015_2018,0.0002,coherent_search_families,3,0.9852,1.0,1.0
erc_blend,0.8074,family_clean_final_test_prespecified_secondary_check,0.0116,literal_logged_trials,7,0.9638,1.0,1.0
erc_blend,0.8074,family_clean_final_test_prespecified_secondary_check,0.0116,deduped_candidate_count,9,0.9606,1.0,1.0
erc_blend,0.8074,family_clean_final_test_prespecified_secondary_check,0.0116,coherent_search_families,3,0.9746,1.0,1.0
erc_blend,0.8074,conventional_unit_variance,1.0,literal_logged_trials,7,0.0569,0.1921,0.1801
erc_blend,0.8074,conventional_unit_variance,1.0,deduped_candidate_count,9,0.0258,0.1285,0.0905
erc_blend,0.8074,conventional_unit_variance,1.0,coherent_search_families,3,0.4506,0.4793,0.5487
equal_weight,0.8813,pooled_deduped_all_trials,0.0329,literal_logged_trials,7,0.9547,1.0,0.9996
equal_weight,0.8813,pooled_deduped_all_trials,0.0329,deduped_candidate_count,9,0.9482,1.0,0.9996
equal_weight,0.8813,pooled_deduped_all_trials,0.0329,coherent_search_families,3,0.9746,1.0,0.9994
equal_weight,0.8813,pooled_including_redundant_rows,0.0294,literal_logged_trials,7,0.9582,1.0,0.9998
equal_weight,0.8813,pooled_including_redundant_rows,0.0294,deduped_candidate_count,9,0.9523,1.0,0.9998
equal_weight,0.8813,pooled_including_redundant_rows,0.0294,coherent_search_families,3,0.9759,1.0,0.9996
equal_weight,0.8813,pooled_clean_sample_only,0.0364,literal_logged_trials,7,0.9512,1.0,0.9993
equal_weight,0.8813,pooled_clean_sample_only,0.0364,deduped_candidate_count,9,0.9439,1.0,0.9993
equal_weight,0.8813,pooled_clean_sample_only,0.0364,coherent_search_families,3,0.9732,1.0,0.9991
equal_weight,0.8813,family_ad_hoc_pre_calendar_blend,0.039,literal_logged_trials,7,0.9487,1.0,0.999
equal_weight,0.8813,family_ad_hoc_pre_calendar_blend,0.039,deduped_candidate_count,9,0.9408,1.0,0.9991
equal_weight,0.8813,family_ad_hoc_pre_calendar_blend,0.039,coherent_search_families,3,0.9723,1.0,0.9989
equal_weight,0.8813,family_clean_validation_only_2015_2018,0.0002,literal_logged_trials,7,0.9899,1.0,1.0
equal_weight,0.8813,family_clean_validation_only_2015_2018,0.0002,deduped_candidate_count,9,0.9898,1.0,1.0
equal_weight,0.8813,family_clean_validation_only_2015_2018,0.0002,coherent_search_families,3,0.9904,1.0,1.0
equal_weight,0.8813,family_clean_final_test_prespecified_secondary_check,0.0116,literal_logged_trials,7,0.9754,1.0,1.0
equal_weight,0.8813,family_clean_final_test_prespecified_secondary_check,0.0116,deduped_candidate_count,9,0.9731,1.0,1.0
equal_weight,0.8813,family_clean_final_test_prespecified_secondary_check,0.0116,coherent_search_families,3,0.9831,1.0,1.0
equal_weight,0.8813,conventional_unit_variance,1.0,literal_logged_trials,7,0.0872,0.226,0.2292
equal_weight,0.8813,conventional_unit_variance,1.0,deduped_candidate_count,9,0.0429,0.1563,0.1287
equal_weight,0.8813,conventional_unit_variance,1.0,coherent_search_families,3,0.5305,0.5187,0.5894
lstm_baseline,0.7994,pooled_deduped_all_trials,0.0329,literal_logged_trials,7,0.934,1.0,0.9989
lstm_baseline,0.7994,pooled_deduped_all_trials,0.0329,deduped_candidate_count,9,0.925,1.0,0.9989
lstm_baseline,0.7994,pooled_deduped_all_trials,0.0329,coherent_search_families,3,0.9619,1.0,0.9988
lstm_baseline,0.7994,pooled_including_redundant_rows,0.0294,literal_logged_trials,7,0.9388,1.0,0.9994
lstm_baseline,0.7994,pooled_including_redundant_rows,0.0294,deduped_candidate_count,9,0.9308,1.0,0.9994
lstm_baseline,0.7994,pooled_including_redundant_rows,0.0294,coherent_search_families,3,0.9638,1.0,0.9992
lstm_baseline,0.7994,pooled_clean_sample_only,0.0364,literal_logged_trials,7,0.9292,1.0,0.9983
lstm_baseline,0.7994,pooled_clean_sample_only,0.0364,deduped_candidate_count,9,0.9192,1.0,0.9983
lstm_baseline,0.7994,pooled_clean_sample_only,0.0364,coherent_search_families,3,0.96,1.0,0.9982
lstm_baseline,0.7994,family_ad_hoc_pre_calendar_blend,0.039,literal_logged_trials,7,0.9258,1.0,0.9978
lstm_baseline,0.7994,family_ad_hoc_pre_calendar_blend,0.039,deduped_candidate_count,9,0.915,1.0,0.9977
lstm_baseline,0.7994,family_ad_hoc_pre_calendar_blend,0.039,coherent_search_families,3,0.9586,1.0,0.9977
lstm_baseline,0.7994,family_clean_validation_only_2015_2018,0.0002,literal_logged_trials,7,0.9843,1.0,1.0
lstm_baseline,0.7994,family_clean_validation_only_2015_2018,0.0002,deduped_candidate_count,9,0.9841,1.0,1.0
lstm_baseline,0.7994,family_clean_validation_only_2015_2018,0.0002,coherent_search_families,3,0.985,1.0,1.0
lstm_baseline,0.7994,family_clean_final_test_prespecified_secondary_check,0.0116,literal_logged_trials,7,0.9631,1.0,1.0
lstm_baseline,0.7994,family_clean_final_test_prespecified_secondary_check,0.0116,deduped_candidate_count,9,0.9598,1.0,1.0
lstm_baseline,0.7994,family_clean_final_test_prespecified_secondary_check,0.0116,coherent_search_families,3,0.9742,1.0,1.0
lstm_baseline,0.7994,conventional_unit_variance,1.0,literal_logged_trials,7,0.0532,0.1886,0.1751
lstm_baseline,0.7994,conventional_unit_variance,1.0,deduped_candidate_count,9,0.0237,0.1257,0.0868
lstm_baseline,0.7994,conventional_unit_variance,1.0,coherent_search_families,3,0.4417,0.475,0.5442
lstm_regime,0.8562,pooled_deduped_all_trials,0.0329,literal_logged_trials,7,0.9478,1.0,0.9994
lstm_regime,0.8562,pooled_deduped_all_trials,0.0329,deduped_candidate_count,9,0.9405,1.0,0.9995
lstm_regime,0.8562,pooled_deduped_all_trials,0.0329,coherent_search_families,3,0.9702,1.0,0.9993
lstm_regime,0.8562,pooled_including_redundant_rows,0.0294,literal_logged_trials,7,0.9517,1.0,0.9997
lstm_regime,0.8562,pooled_including_redundant_rows,0.0294,deduped_candidate_count,9,0.9452,1.0,0.9997
lstm_regime,0.8562,pooled_including_redundant_rows,0.0294,coherent_search_families,3,0.9717,1.0,0.9995
lstm_regime,0.8562,pooled_clean_sample_only,0.0364,literal_logged_trials,7,0.9439,1.0,0.9991
lstm_regime,0.8562,pooled_clean_sample_only,0.0364,deduped_candidate_count,9,0.9357,1.0,0.9991
lstm_regime,0.8562,pooled_clean_sample_only,0.0364,coherent_search_families,3,0.9687,1.0,0.9989
lstm_regime,0.8562,family_ad_hoc_pre_calendar_blend,0.039,literal_logged_trials,7,0.9411,1.0,0.9988
lstm_regime,0.8562,family_ad_hoc_pre_calendar_blend,0.039,deduped_candidate_count,9,0.9323,1.0,0.9988
lstm_regime,0.8562,family_ad_hoc_pre_calendar_blend,0.039,coherent_search_families,3,0.9676,1.0,0.9986
lstm_regime,0.8562,family_clean_validation_only_2015_2018,0.0002,literal_logged_trials,7,0.9879,1.0,1.0
lstm_regime,0.8562,family_clean_validation_only_2015_2018,0.0002,deduped_candidate_count,9,0.9877,1.0,1.0
lstm_regime,0.8562,family_clean_validation_only_2015_2018,0.0002,coherent_search_families,3,0.9884,1.0,1.0
lstm_regime,0.8562,family_clean_final_test_prespecified_secondary_check,0.0116,literal_logged_trials,7,0.9712,1.0,1.0
lstm_regime,0.8562,family_clean_final_test_prespecified_secondary_check,0.0116,deduped_candidate_count,9,0.9686,1.0,1.0
lstm_regime,0.8562,family_clean_final_test_prespecified_secondary_check,0.0116,coherent_search_families,3,0.98,1.0,1.0
lstm_regime,0.8562,conventional_unit_variance,1.0,literal_logged_trials,7,0.0771,0.2141,0.212
lstm_regime,0.8562,conventional_unit_variance,1.0,deduped_candidate_count,9,0.0371,0.1464,0.1149
lstm_regime,0.8562,conventional_unit_variance,1.0,coherent_search_families,3,0.5036,0.5053,0.5758
lstm_blend,0.8469,pooled_deduped_all_trials,0.0329,literal_logged_trials,7,0.9452,1.0,0.9994
lstm_blend,0.8469,pooled_deduped_all_trials,0.0329,deduped_candidate_count,9,0.9375,1.0,0.9994
lstm_blend,0.8469,pooled_deduped_all_trials,0.0329,coherent_search_families,3,0.9685,1.0,0.9992
lstm_blend,0.8469,pooled_including_redundant_rows,0.0294,literal_logged_trials,7,0.9492,1.0,0.9996
lstm_blend,0.8469,pooled_including_redundant_rows,0.0294,deduped_candidate_count,9,0.9424,1.0,0.9997
lstm_blend,0.8469,pooled_including_redundant_rows,0.0294,coherent_search_families,3,0.9701,1.0,0.9995
lstm_blend,0.8469,pooled_clean_sample_only,0.0364,literal_logged_trials,7,0.9411,1.0,0.999
lstm_blend,0.8469,pooled_clean_sample_only,0.0364,deduped_candidate_count,9,0.9326,1.0,0.999
lstm_blend,0.8469,pooled_clean_sample_only,0.0364,coherent_search_families,3,0.967,1.0,0.9988
lstm_blend,0.8469,family_ad_hoc_pre_calendar_blend,0.039,literal_logged_trials,7,0.9382,1.0,0.9986
lstm_blend,0.8469,family_ad_hoc_pre_calendar_blend,0.039,deduped_candidate_count,9,0.929,1.0,0.9986
lstm_blend,0.8469,family_ad_hoc_pre_calendar_blend,0.039,coherent_search_families,3,0.9658,1.0,0.9985
lstm_blend,0.8469,family_clean_validation_only_2015_2018,0.0002,literal_logged_trials,7,0.9871,1.0,1.0
lstm_blend,0.8469,family_clean_validation_only_2015_2018,0.0002,deduped_candidate_count,9,0.987,1.0,1.0
lstm_blend,0.8469,family_clean_validation_only_2015_2018,0.0002,coherent_search_families,3,0.9877,1.0,1.0
lstm_blend,0.8469,family_clean_final_test_prespecified_secondary_check,0.0116,literal_logged_trials,7,0.9696,1.0,1.0
lstm_blend,0.8469,family_clean_final_test_prespecified_secondary_check,0.0116,deduped_candidate_count,9,0.9668,1.0,1.0
lstm_blend,0.8469,family_clean_final_test_prespecified_secondary_check,0.0116,coherent_search_families,3,0.9788,1.0,1.0
lstm_blend,0.8469,conventional_unit_variance,1.0,literal_logged_trials,7,0.0735,0.2098,0.2058
lstm_blend,0.8469,conventional_unit_variance,1.0,deduped_candidate_count,9,0.0351,0.1429,0.11
lstm_blend,0.8469,conventional_unit_variance,1.0,coherent_search_families,3,0.4937,0.5003,0.5707
