trial_id,candidate_label,metric_type,value,evaluation_sample,redundant_with,source,notes
2,2state,sharpe,0.841,ad_hoc_pre_calendar_blend,,outputs/robustness_2state_summary.csv,"erc_regime Sharpe. Sample blends what the M2 calendar later separated into validation+final-test; see trial_log.csv row 2's own note."
2,3state,sharpe,0.810,ad_hoc_pre_calendar_blend,10_erc_regime,outputs/robustness_primary_3state_summary.csv,"erc_regime Sharpe, primary 3-state spec. Numerically identical to trial 10's erc_regime baseline (same config, different robustness script); not an independent draw."
3,fresh_random_monthly,sharpe,0.435,ad_hoc_pre_calendar_blend,,commit 06a77ea,"erc_regime Sharpe, monthly scheduled refit with fresh random HMM re-init (no warm start). From commit message, not a saved CSV; no daily return path preserved."
3,warm_start_monthly,sharpe,0.466,ad_hoc_pre_calendar_blend,,commit 06a77ea,"erc_regime Sharpe, monthly scheduled refit with EM warm-start. Selected value for trial 3; becomes the base case for trials 4 and 5."
4,ewma_none,sharpe,0.466,ad_hoc_pre_calendar_blend,3_warm_start_monthly,commit a3cbd77,"Identical configuration to trial 3's warm_start_monthly (EWMA disabled is the pre-existing default) -- same run, not a new observation."
4,ewma_smoothed,sharpe,0.44,ad_hoc_pre_calendar_blend,,commit a3cbd77,"erc_regime Sharpe with state_covs EWMA-smoothed across refits (lambda=0.15/0.3 range); commit message reports approximately 0.44, worse than unsmoothed. No saved CSV or daily path."
5,chained_align,sharpe,0.466,ad_hoc_pre_calendar_blend,3_warm_start_monthly,commit a3cbd77,"Identical configuration to trial 3's warm_start_monthly (previous-fit-chained alignment is the pre-existing default) -- same run, not a new observation."
5,fixed_ref_align,sharpe,0.466,ad_hoc_pre_calendar_blend,3_warm_start_monthly,commit a3cbd77,"Commit message reports this as byte-for-byte identical to warm_start_monthly -- a documented no-op, zero new information, not an independent candidate."
6,no_refit_validation,sharpe,0.405,clean_validation_only_2015_2018,,outputs/refit_cadence_validation_comparison.csv,"erc_regime Sharpe. Supersedes the original ad-hoc-sample refit-cadence comparison per trial_log.csv row 6's 2026-09-27 resolution note."
6,monthly_validation,sharpe,0.386,clean_validation_only_2015_2018,,outputs/refit_cadence_validation_comparison.csv,erc_regime Sharpe.
6,quarterly_validation,sharpe,0.409,clean_validation_only_2015_2018,,outputs/refit_cadence_validation_comparison.csv,erc_regime Sharpe. Selected value for trial 6.
10,erc_regime,sharpe,0.810,clean_final_test_prespecified_secondary_check,,outputs/robustness_hrp_summary.csv,"Final-test-period Sharpe, primary 3-state ERC spec (unchanged by this check). Pre-specified-as-deferred per M2 scope note."
10,hrp_regime,sharpe,0.658,clean_final_test_prespecified_secondary_check,,outputs/robustness_hrp_summary.csv,Final-test-period Sharpe under HRP construction instead of ERC.
11,shared_nu_regime_effect,effect_size_sharpe_diff,0.011,clean_final_test_prespecified_secondary_check,,outputs/robustness_per_regime_nu_summary.csv,"erc_regime - erc_baseline Sharpe DIFFERENCE (not a raw Sharpe level) under the shared-nu default. Different units from every other row -- see loader's metric_type filter."
11,per_regime_nu_regime_effect,effect_size_sharpe_diff,0.011,clean_final_test_prespecified_secondary_check,,outputs/robustness_per_regime_nu_summary.csv,"erc_regime - erc_baseline Sharpe DIFFERENCE under per-regime nu. Different units from every other row -- see loader's metric_type filter."
